tau_ms,rmse_deg,fitted_phase_deg
-500.0,0.44858522787324034,24.422675768639415
-499.0,0.44847787371660547,24.3917345761039
-498.0,0.4483948056275018,24.36079024911418
-497.0,0.4483408489982026,24.329847272495872
-496.0,0.4483185100352635,24.29890429587753
-495.0,0.4483282187963629,24.26796157259366
-494.0,0.44832588169797644,24.236983192689667
-493.0,0.4482778464018292,24.205984027717648
-492.0,0.4482175039298707,24.175015542010367
-491.0,0.44803382395459407,24.144150856664492
-490.0,0.4478496892223161,24.11353598532008
-489.0,0.44769976236344733,24.083100711908145
-488.0,0.4475962082602169,24.052845078881766
-487.0,0.44757921669050743,24.022835899311673
-486.0,0.44758174171517917,23.992836735000374
-485.0,0.44759770386045844,23.962837254430248
-484.0,0.44762400090855053,23.932834569712075
-483.0,0.44766137627107117,23.902817748174865
-482.0,0.4477098809392261,23.87278649029219
-481.0,0.44777581002816674,23.842755215669627
-480.0,0.44774644835248834,23.812672664831503
-479.0,0.4477050796015674,23.78256762266361
-478.0,0.44767497962836394,23.75247970375019
-477.0,0.44766336074906204,23.722539398695538
-476.0,0.44772646428750223,23.69285926145969
-475.0,0.44777740634636787,23.663387118690977
-474.0,0.44776239508827387,23.63402882773096
-473.0,0.4476807625065874,23.604719421405658
-472.0,0.44761537376471017,23.575374235236367
-471.0,0.4475770759107027,23.545994773241723
-470.0,0.44756472291002425,23.516614107101834
-469.0,0.44757624591838974,23.487234721044587
-468.0,0.4476129200674738,23.45785597831569
-466.99999999999994,0.4477211948177222,23.428435104568248
-465.99999999999994,0.44776168059594873,23.39893038357387
-464.99999999999994,0.4477822178210675,23.369398400373555
-463.99999999999994,0.4478243806778297,23.339874197574908
-463.0,0.447892442862092,23.310287674097335
-462.0,0.4479942533918512,23.28077967022367
-461.0,0.4481474187891156,23.251363402488984
-460.0,0.44833590946752,23.222090291502404
-459.0,0.4485300635149108,23.192940349713
-458.0,0.44872041088210435,23.16379690997837
-457.0,0.4489097083211302,23.13462945036581
-456.0,0.4491130647634375,23.10545059637532
-455.0,0.4493236272856463,23.076256428755027
-454.0,0.4495564832413155,23.047062261134712
-453.0,0.4497952241854142,23.017843386360617
-452.0,0.4500515837090902,22.988615911854385
-451.0,0.4502835205676093,22.95935171613653
-450.0,0.4504135313582299,22.93002675869323
-449.0,0.45054073344013296,22.90069676858501
-448.0,0.4506657796735244,22.871341247973994
-447.0,0.4507801719796565,22.842024899783926
-446.0,0.450834182483121,22.812713457421903
-445.0,0.4508456978708438,22.783365384650526
-444.0,0.4508617434976258,22.75400044224623
-443.0,0.45088297074771755,22.72459197918761
-442.0,0.45092669478714675,22.695173571346135
-441.0,0.45097397398625844,22.66573982963227
-440.0,0.45101484892432925,22.63627973829295
-439.0,0.4510707216586029,22.606816842248488
-438.0,0.4511462800723185,22.577355352211537
-437.0,0.45122533054215647,22.54785689883069
-436.0,0.45131538026480555,22.518329492632233
-435.0,0.4514260764948764,22.488763480303756
-434.0,0.45155466366732416,22.459121595672205
-433.0,0.45163963574178445,22.429420951112466
-432.0,0.45174570625984856,22.39963168929256
-431.0,0.45187983595850084,22.369659064545964
-430.0,0.45203218856683325,22.33955240927726
-429.0,0.452208362350778,22.30935790054353
-428.0,0.4523686168918015,22.279148341772512
-427.0,0.45252768949886646,22.24893218054613
-426.0,0.45270037938984886,22.2187160193197
-425.0,0.4528866709875562,22.188499858093337
-424.0,0.45308666973338013,22.158283600156533
-423.0,0.4533095317911839,22.12805789183435
-422.0,0.45354401038341363,22.09781730464228
-421.0,0.45379735407575233,22.067568145493695
-420.0,0.45407379406953724,22.037296186191902
-419.0,0.45437269388649915,22.006909614467816
-418.0,0.4546981171396682,21.976415967787894
-417.0,0.4550238773101541,21.945839064358875
-416.0,0.45535899219198395,21.91519127515555
-415.0,0.4557129651193726,21.884535275595205
-414.0,0.45609246689580635,21.853823431286486
-413.0,0.45649260646506007,21.82309268574464
-412.00000000000006,0.4568989539562427,21.792360274609376
-411.00000000000006,0.4573174717132114,21.761628793647834
-410.00000000000006,0.45777405346544203,21.730850103805146
-409.00000000000006,0.4582523440499962,21.700061613910965
-408.00000000000006,0.4587460162561531,21.669272713259875
-407.0,0.45925524939419626,21.638439316065476
-406.0,0.4597902571377943,21.60757958674745
-405.0,0.460233710032061,21.57664037295096
-404.0,0.4602842140642096,21.545528866982753
-403.0,0.4602716844995201,21.514440145696188
-402.0,0.4602664373502956,21.483414904592106
-401.0,0.4602853251727644,21.4524587719173
-400.0,0.4603423243320862,21.42151935634316
-399.0,0.46042841404398716,21.390566992946077
-398.0,0.4605450571733853,21.35960742957574
-397.0,0.46069249834981096,21.328647866205376
-396.0,0.4608707080146441,21.297688302835112
-395.0,0.46106899037218213,21.266738555416964
-394.0,0.4613212103793035,21.235772184301588
-393.0,0.4616573961550378,21.20478072747754
-392.0,0.46201103577511893,21.173838993700176
-391.0,0.4622503374715819,21.14306043039513
-390.0,0.462368157381071,21.112570011995732
-389.0,0.462526087271508,21.08229420344297
-388.0,0.46275189396677774,21.05220236521672
-387.0,0.46304554454025354,21.02220822170725
-386.0,0.4633463978082391,20.992212396761705
-385.0,0.463654743790143,20.96222359800991
-384.0,0.4639716675135784,20.93223212356906
-383.0,0.4643156904308447,20.90222087484736
-382.0,0.4646810786992054,20.872200564403567
-381.0,0.465053918973807,20.842176687417876
-380.0,0.46534381166925376,20.812077635876385
-379.0,0.4656200128982498,20.781963554324523
-378.0,0.46589620371884993,20.751872270926608
-377.0,0.46614641070486384,20.721889801789487
-376.0,0.4663515664915472,20.692103272698404
-375.0,0.4664467834529733,20.66246011514173
-374.0,0.46641517181072895,20.632927638854337
-373.0,0.4662934404865632,20.603574149785725
-372.0,0.46618248422329395,20.574256108808477
-371.0,0.4660971972896606,20.54493502770047
-370.0,0.466036151344888,20.515611361446485
-369.0,0.46599318154146646,20.48627778256466
-368.0,0.46596957049867654,20.456936061706994
-367.0,0.4659457673184196,20.427566001800663
-366.0,0.46588896575388866,20.39813356581212
-365.0,0.46584877164063554,20.368698636597056
-364.0,0.4658154168567775,20.339252544189023
-363.0,0.46579777495634306,20.30991021404191
-362.0,0.46559398626239806,20.28046304795041
-361.0,0.46530803887724426,20.25112671709367
-360.0,0.46503023501623386,20.221927849796106
-359.0,0.46478245897596204,20.192769429277174
-358.0,0.4645605678417922,20.163593469449733
-357.0,0.46436298134291937,20.134402726158694
-356.0,0.4641856498711367,20.105203912017874
-355.0,0.46402689955491605,20.076003937161694
-354.0,0.46386050408415885,20.046790837769844
-353.0,0.46368506793634556,20.01755889894766
-352.0,0.46351579386001646,19.988275130880854
-351.0,0.46330001415499994,19.95896101668866
-350.0,0.4630063467937034,19.92961064569053
-349.0,0.4627015397604003,19.900262753451027
-348.0,0.46237718687096685,19.870917270800398
-347.0,0.46210962821363594,19.84158702035863
-346.0,0.46187336018794417,19.81225034882962
-345.0,0.4616446604406608,19.78288192108075
-344.0,0.46146091498804037,19.753500994273512
-343.0,0.4613056227956969,19.7241189320991
-341.99999999999994,0.4611415547508238,19.69471686192149
-340.99999999999994,0.4609728529208444,19.665304773740075
-339.99999999999994,0.46079479316361305,19.635863937171003
-338.99999999999994,0.46063388020113927,19.606409068700177
-337.99999999999994,0.4604921558315614,19.576950773153122
-336.99999999999994,0.46033271319991576,19.54744621159099
-335.99999999999994,0.46017276747452274,19.517905971732162
-334.99999999999994,0.46005039594860775,19.488338229696907
-333.99999999999994,0.4599164842537568,19.458649473403256
-332.99999999999994,0.45978377043116486,19.428858232865196
-331.99999999999994,0.4597315931883477,19.398957582083003
-330.99999999999994,0.4596761690623552,19.368861876072845
-329.99999999999994,0.45959955210755116,19.338688746126053
-328.99999999999994,0.45949052291223536,19.308456895312162
-327.99999999999994,0.4593965197028177,19.27822557089846
-326.99999999999994,0.4593225719049285,19.24799739124431
-325.99999999999994,0.4592609168475206,19.217769841227323
-324.99999999999994,0.4592119047289956,19.187542733407938
-324.0,0.45917596867738947,19.157318095300905
-323.0,0.45914988622285235,19.12709842891436
-322.0,0.459145713018347,19.096875004407828
-321.0,0.4591604219892985,19.06664834563399
-320.0,0.459175726085259,19.03636185791234
-319.0,0.4591745936209751,19.00604901805951
-318.0,0.4592261293536831,18.97564345888986
-317.0,0.45933162879464295,18.94513655520156
-316.0,0.45947635087942396,18.91451406963214
-315.0,0.45962289738922685,18.883859340917525
-314.0,0.45977427909856616,18.853186979248616
-313.0,0.45991067958270876,18.822455411979732
-312.0,0.4600615314982891,18.791723844710823
-311.0,0.46022682063476994,18.760992277441954
-310.0,0.4603367825024658,18.730208306696877
-309.0,0.4604520808509861,18.69941584663313
-308.0,0.46057563685659964,18.668624219172884
-307.0,0.46078627708408376,18.637773974260657
-306.0,0.4610612481019451,18.606899876697806
-305.0,0.4612125974422995,18.575951478641876
-304.0,0.46113617410252183,18.544920493019834
-303.0,0.4611331321197083,18.51392682328619
-302.0,0.4612541553782981,18.48297519734544
-301.0,0.46142517852405357,18.45201681374197
-300.0,0.4616259073616883,18.421064040638903
-299.0,0.46185760383779145,18.39011173858614
-298.0,0.4621233492726442,18.35915625228166
-297.0,0.46242744451079054,18.328195758621412
-296.0,0.462762706433381,18.29723478539097
-295.0,0.46312863883084116,18.266275686465374
-294.0,0.4635864708179818,18.235269438780534
-293.0,0.46408457678553544,18.20425615584415
-292.0,0.4645801274904874,18.173269064937884
-291.00000000000006,0.4649493498119961,18.14238766073644
-290.00000000000006,0.4653430596861127,18.11174692753908
-289.00000000000006,0.4657509869962807,18.081295305171327
-288.00000000000006,0.46613866446918506,18.051054704906623
-287.00000000000006,0.4664777140098571,18.02105028929148
-286.00000000000006,0.4668242771125361,17.99104661032616
-285.00000000000006,0.4671870747073399,17.96104251012807
-284.00000000000006,0.4675654144322266,17.9310340583821
-283.00000000000006,0.46796031074496425,17.900963395559188
-282.0,0.4683550107681331,17.870878901329508
-281.0,0.4687651887587112,17.840795596520227
-280.0,0.4691491355459873,17.810710210845
-279.0,0.4694662386767359,17.780617589991742
-278.0,0.4697875089667286,17.750551375488694
-277.0,0.46998333476763704,17.720660312203023
-276.0,0.47012474268423676,17.691029063131175
-275.0,0.4701856664676636,17.661646661049808
-274.0,0.4699955226537166,17.63227961983426
-273.0,0.4697765664693839,17.60294732937897
-272.0,0.46958730245199487,17.57362481338806
-271.0,0.4694229656812175,17.544301678542023
-270.0,0.46928126994412134,17.514977287892393
-269.0,0.46915258563380324,17.485637627647794
-268.0,0.46903066863420306,17.456285133881938
-267.0,0.468882504740036,17.426893742459658
-266.0,0.4687335983383559,17.39745751041156
-265.0,0.4686030548929416,17.367973933517913
-264.0,0.4684275722354403,17.33848511734133
-263.0,0.46807758859408044,17.308912370536397
-262.0,0.4677552185943713,17.279438931424398
-261.0,0.46745879769089194,17.250036730272967
-260.0,0.46718476319903984,17.220772837153863
-259.0,0.46701758944187755,17.191621029131053
-258.0,0.4668813796520461,17.162477245355184
-257.0,0.4667545923980405,17.133315288367942
-256.0,0.4666178471164526,17.10412719207683
-255.0,0.4664995676608376,17.074936668658548
-254.0,0.46639946468652427,17.045739443320294
-253.0,0.46630772895307754,17.01651614954273
-252.0,0.46623967582261977,16.987292183162342
-251.0,0.46611896207805537,16.957965658136054
-250.0,0.4659906248577521,16.92863808073152
-249.0,0.4658754096492949,16.899306088311643
-248.0,0.4657401248004277,16.869959360152205
-247.0,0.4656078731889259,16.840641535580204
-246.0,0.46549575841811325,16.81125460263968
-245.0,0.4654606469721388,16.781850260492288
-244.0,0.4654551651920175,16.752462896904056
-243.0,0.4654424523865377,16.72304287188911
-242.0,0.46543777602896746,16.69357965087115
-241.0,0.46544977638616797,16.66411379934437
-240.0,0.465463437018872,16.63465771260929
-239.0,0.4654870002973831,16.605205364636944
-238.0,0.46551745828728075,16.575754653327046
-237.0,0.46555706154151744,16.54626063829234
-236.0,0.46563561380143864,16.516748584049758
-235.0,0.4657245475427789,16.48718116208837
-234.0,0.4658172339792963,16.457553886775976
-232.99999999999997,0.4658665350802187,16.427895166016526
-231.99999999999997,0.46591589948522144,16.39813318530164
-230.99999999999997,0.46597693256627876,16.36818149561946
-229.99999999999997,0.4660127725112174,16.338095660290687
-228.99999999999997,0.46602127222022915,16.307919482890103
-227.99999999999997,0.46602302892305864,16.277713507138238
-226.99999999999997,0.4660358732260013,16.24749726248886
-225.99999999999997,0.46606204454797506,16.217281017839525
-224.99999999999997,0.4661015406440626,16.18706477319026
-223.99999999999997,0.46615464036809356,16.156848275681156
-222.99999999999997,0.46622880910368236,16.126623933653363
-221.99999999999997,0.46631330550239675,16.0964038973598
-220.99999999999997,0.46641836931263475,16.066178123299025
-219.99999999999997,0.46651117071782877,16.03592944949556
-218.99999999999997,0.46664874664097167,16.005575875970877
-217.99999999999997,0.46679821653610326,15.975116165677349
-216.99999999999997,0.46694583500204706,15.944551261611132
-215.99999999999997,0.4671100281532361,15.913919918040127
-214.99999999999997,0.46728129011021285,15.883278189762805
-213.99999999999997,0.46747599488778824,15.852582214249438
-212.99999999999997,0.46768860976899057,15.821880507561941
-211.99999999999997,0.46791892122950246,15.79118066601003
-211.00000000000003,0.46817760094377475,15.76042606892854
-210.00000000000003,0.46845248596459993,15.7296669583099
-209.00000000000003,0.46874064541969945,15.69891232611045
-208.00000000000003,0.46903706154082603,15.6680902847968
-207.00000000000003,0.46936298532543114,15.637228418875996
-206.00000000000003,0.4697033515440112,15.60632986558489
-205.00000000000003,0.47001283298319835,15.575367327209854
-204.00000000000003,0.4701422747413851,15.544297338526052
-203.0,0.47011669154322916,15.513196846527462
-202.0,0.47010207702279877,15.482160597978812
-201.0,0.4700862573382482,15.451186060921085
-200.0,0.4700962342086588,15.420247368054909
-199.0,0.47013392319675534,15.389299788164026
-198.0,0.4702019244992133,15.358352208273164
-197.0,0.47030022496735285,15.327404628382292
-196.0,0.47042880560727224,15.296457048491407
-195.0,0.47058105775722897,15.265515911042495
-194.0,0.4707621984588536,15.234590140881723
-193.0,0.471007137774916,15.203607174883729
-192.0,0.47120314450297357,15.17274225436663
-191.0,0.4712723409168376,15.142044650127927
-190.0,0.47128122860907296,15.111529376632424
-189.0,0.47129419832378794,15.081241611723875
-188.0,0.4713913380740583,15.051161119026904
-187.0,0.4715243840740092,15.021170370056144
-186.0,0.47166975983546844,14.991176869201368
-185.0,0.4718341926083713,14.961184946182893
-184.0,0.472004517738172,14.931187958803125
-183.0,0.4721626403739713,14.901173544131838
-182.0,0.4723167978685038,14.871144767680747
-181.0,0.4724590883610197,14.84105213714366
-180.0,0.47259316192237044,14.810915736181231
-179.0,0.47274105703284014,14.780780269141719
-178.0,0.4728815338877892,14.750680686344337
-177.0,0.47303949190017475,14.720676314211573
-176.0,0.47313952453952063,14.690907179174557
-175.0,0.4732385843029127,14.66133806327025
-174.0,0.4731183397339391,14.631814240005552
-173.0,0.47297845225655544,14.602470843326351
-172.0,0.47288298382649285,14.573162981189066
-170.99999999999997,0.47280993570712165,14.543851055523781
-169.99999999999997,0.4727569208420037,14.514535195782702
-168.99999999999997,0.4727219858868046,14.485211839128826
-167.99999999999997,0.47270274037535104,14.455877924783984
-166.99999999999997,0.47267904453432164,14.426530583722347
-165.99999999999997,0.4725692064069296,14.397120315583143
-164.99999999999997,0.4724895283318551,14.367673318173281
-163.99999999999997,0.4724069722939582,14.338214290408365
-162.99999999999997,0.4723014552208145,14.30874877693997
-161.99999999999997,0.47219500278049853,14.279302919087545
-160.99999999999997,0.47207239548757224,14.2499617301194
-159.99999999999997,0.47191112254065953,14.220775085090297
-158.99999999999997,0.47175313694688864,14.191651733573485
-157.99999999999997,0.47161095136368564,14.162496752273064
-156.99999999999997,0.47149025336806877,14.13333290176694
-155.99999999999997,0.4713769937172118,14.10414201286225
-154.99999999999997,0.4712826510250596,14.074949802884069
-153.99999999999997,0.471206161604941,14.045760300837916
-152.99999999999997,0.47114987992679885,14.016539931171295
-151.99999999999997,0.47111403191084356,13.987323198149534
-150.99999999999997,0.47099487109706956,13.958028577852078
-149.99999999999997,0.4708416219381282,13.928691527484302
-148.99999999999997,0.47072099375721277,13.899353190750803
-148.00000000000003,0.47062718010525784,13.870027440036251
-147.00000000000003,0.47052300255247526,13.840735181693526
-146.00000000000003,0.4703773422892843,13.811414017186223
-145.00000000000003,0.470240638946004,13.782062238533696
-144.00000000000003,0.47010860022331724,13.752719147234234
-143.00000000000003,0.46996908074933014,13.72335743333953
-142.00000000000003,0.4698116256947392,13.693967010281213
-141.0,0.4696601298990263,13.664558381217137
-140.0,0.4694872351728358,13.635133194247938
-139.0,0.46929989156421664,13.605694532453095
-138.0,0.46912694879821265,13.57625704258949
-137.0,0.4689605668859086,13.546782451336481
-136.0,0.46881166819114817,13.517277531949961
-135.0,0.4686961835325301,13.487737177721046
-134.0,0.4686102881068824,13.458122657138636
-133.0,0.46852419108428073,13.428395547126767
-132.0,0.4684911050343278,13.398483427802182
-131.0,0.4684420736965918,13.368418588691354
-130.0,0.4683842405160002,13.338270550169142
-129.0,0.4683485089002397,13.308076722564188
-128.0,0.4683425307657108,13.2778619408311
-127.0,0.4683529951894032,13.247648927815739
-126.0,0.46837679925454584,13.21743591480034
-125.0,0.46841760046417413,13.187219016000851
-124.0,0.46846368721012976,13.157005166652782
-123.0,0.46851236851745437,13.126808431447236
-122.0,0.46856952008616626,13.096627901109036
-121.0,0.4686517047193605,13.06642524790353
-120.0,0.4687759119366217,13.03616912228129
-119.0,0.46887908047847393,13.005844485403033
-118.0,0.4689869419186231,12.975448309718189
-117.0,0.46909780676338136,12.94496485534547
-115.99999999999999,0.46919589180398763,12.914381422729884
-114.99999999999999,0.4692949575842747,12.883752843305915
-113.99999999999999,0.46942510780516467,12.853088664250688
-112.99999999999999,0.4695736147170006,12.822383534801316
-111.99999999999999,0.46973647601656854,12.791678405351957
-110.99999999999999,0.46989455696958365,12.76094872718947
-109.99999999999999,0.47003988336456315,12.730183180894386
-108.99999999999999,0.470194456725575,12.699420927504034
-107.99999999999999,0.470366464791061,12.668661290458202
-106.99999999999999,0.47049572981712995,12.637887624478797
-105.99999999999999,0.4705959644118497,12.607109783816993
-104.99999999999999,0.47063911950267723,12.576327482851115
-103.99999999999999,0.47050377090647943,12.545448815140295
-102.99999999999999,0.4704053031258764,12.514515678887228
-101.99999999999999,0.470373905986929,12.483609872548355
-100.99999999999997,0.4703139539118875,12.4526995365829
-99.99999999999997,0.4702774856087199,12.421784400701025
-98.99999999999997,0.4702564979027135,12.390854533630854
-97.99999999999997,0.47025957374440336,12.359921618973809
-96.99999999999997,0.47029622569602175,12.328985377454963
-95.99999999999997,0.4703692980023176,12.298042889038003
-94.99999999999997,0.4704745572380278,12.267096501847169
-93.99999999999997,0.47064148730337485,12.23609675311798
-92.99999999999997,0.4707134132266566,12.205044839165081
-91.99999999999997,0.47073072459260284,12.174043796981504
-90.99999999999997,0.4708023664240886,12.143225580003152
-89.99999999999997,0.4709569203057352,12.112613142539654
-88.99999999999997,0.4710806806885841,12.082210061951102
-87.99999999999997,0.4711841893524368,12.05200160363643
-86.99999999999997,0.4712889283582843,12.022027077748518
-85.99999999999997,0.47139004389550493,11.992053384147253
-84.99999999999997,0.4715041227925883,11.96207088134826
-83.99999999999996,0.47162381056051084,11.932077942331654
-83.00000000000001,0.47173971085415256,11.902066243128989
-82.00000000000001,0.4718720531479838,11.87205454392643
-81.00000000000001,0.4719985542870301,11.84204685648924
-80.00000000000001,0.47199856816250463,11.81196048480732
-79.00000000000001,0.47200835061879864,11.78188176955722
-78.00000000000001,0.4720148118566177,11.751822967043683
-77.00000000000001,0.4719023016754726,11.721886128826531
-76.00000000000001,0.47171973203302386,11.692172716516396
-75.00000000000001,0.47147554502081546,11.662662077011177
-74.00000000000001,0.471246102378785,11.633288731383704
-73.00000000000001,0.4710299427996044,11.603967086012466
-72.00000000000001,0.47072732809639334,11.57464527197463
-71.00000000000001,0.4704510752374228,11.545325407101698
-70.0,0.47020340650864534,11.516005062137603
-69.0,0.4699262054614137,11.486628254219562
-68.0,0.46960872881362886,11.45719701924469
-67.0,0.4692933746710938,11.427749416012201
-66.0,0.468912265928478,11.398339832538996
-65.0,0.4685306143793635,11.368975817750254
-64.0,0.46814653187152705,11.339611055349899
-63.0,0.4677425950001255,11.310234816367226
-62.0,0.4673366028311736,11.280885343567016
-61.0,0.4669447813296161,11.251561520852169
-60.0,0.4665688436394316,11.222344787120083
-59.0,0.46624853177158754,11.193178616978354
-57.99999999999999,0.4659018780951568,11.16401013930275
-56.99999999999999,0.46557321503955257,11.134828960062867
-55.99999999999999,0.4652658897301291,11.105647780822974
-54.99999999999999,0.4649799444760088,11.076466601583089
-53.99999999999999,0.4647632353461934,11.047250185990706
-52.99999999999999,0.46457109136360225,11.01797572527639
-51.99999999999999,0.46439688816866864,10.988693420384122
-50.99999999999999,0.46423529767452476,10.95939910485404
-49.999999999999986,0.46413908284668215,10.930189649277443
-48.999999999999986,0.46406880403820683,10.90096109590501
-47.999999999999986,0.46399774125789695,10.871747909613232
-46.999999999999986,0.46394627942173183,10.84251881676376
-45.999999999999986,0.4638937972603977,10.81324323444393
-44.999999999999986,0.46383519078402696,10.783944088401249
-43.999999999999986,0.4637655929955942,10.754609112106905
-42.999999999999986,0.46377504926009494,10.725198521199811
-41.99999999999998,0.463823112475251,10.695782569916217
-40.99999999999998,0.46387208723944034,10.666346478816655
-39.99999999999998,0.46393721572530444,10.636909825374165
-38.99999999999998,0.4640191116273587,10.607473171931733
-37.99999999999998,0.46412134124084586,10.57804319499007
-36.99999999999998,0.4642295467184063,10.548605638668993
-35.99999999999998,0.46429425033004396,10.519191611554394
-34.99999999999998,0.46437141119689557,10.48974170488125
-33.99999999999997,0.46448337631494924,10.460215710694738
-32.99999999999997,0.46457190355341377,10.430590014848798
-31.99999999999997,0.4646854389054409,10.400838047684436
-30.99999999999997,0.46476363624309935,10.370915016796246
-29.99999999999997,0.46477231303745353,10.340827229671602
-28.99999999999997,0.4647497189205613,10.310656584692849
-27.999999999999968,0.464748055599341,10.280460169576152
-26.999999999999968,0.46476302601969627,10.250261149594913
-25.999999999999968,0.464791468867717,10.220062129613625
-24.999999999999968,0.4648333816702796,10.18986310963228
-23.999999999999964,0.46486349627908635,10.159675726628103
-22.999999999999964,0.46485395295510606,10.129516548086109
-21.999999999999964,0.46485483873490635,10.099349723198667
-20.999999999999964,0.46487152044535085,10.069161053436899
-20.000000000000018,0.46488040796487634,10.038901427272464
-19.000000000000018,0.46493142595074566,10.00855101632734
-18.000000000000014,0.4649905730039316,9.97805998443574
-17.000000000000014,0.46508277511186585,9.947494844936402
-16.000000000000014,0.46518333973915715,9.916827546440667
-15.000000000000014,0.465300262915204,9.886084176665454
-14.000000000000012,0.46543265777344955,9.855327825427796
-13.00000000000001,0.46557873234075936,9.824571474190137
-12.00000000000001,0.46573182859524764,9.793793165896515
-11.00000000000001,0.4658486633059119,9.762956864048865
-10.000000000000009,0.46594701810968614,9.732100222560549
-9.000000000000007,0.4660323570925411,9.701254478850183
-8.000000000000007,0.4659429900886955,9.670285606051735
-7.000000000000006,0.4657580166450704,9.6392590595356
-6.000000000000005,0.4655678063781855,9.608158133380552
-5.000000000000004,0.4652967495170062,9.576962699393759
-4.0000000000000036,0.4650609084843005,9.545787157396187
-3.0000000000000027,0.4648530273689194,9.514663606747222
-2.0000000000000018,0.4646167543777057,9.483589345157917
-1.0000000000000009,0.4642560516600247,9.45252266124051
0.0,0.4638758916168361,9.421432523733552
1.0000000000000009,0.46352814602801284,9.39034282460956
2.0000000000000018,0.4632144627181122,9.359253125485527
3.0000000000000027,0.46293491092865174,9.328163426361543
4.0000000000000036,0.4626895525252534,9.297073727237553
5.000000000000004,0.4624727513620283,9.265987500381312
6.000000000000005,0.4622851092625392,9.234907416797883
7.000000000000006,0.46217805054255107,9.203911163695468
8.000000000000007,0.462081557145749,9.173006221180115
9.000000000000007,0.4619968289626665,9.14233013654304
10.000000000000009,0.46191763715798717,9.111898771487487
11.00000000000001,0.4617157536172505,9.08174954984522
12.00000000000001,0.4614825196511742,9.051742380507735
13.00000000000001,0.46128116076244635,9.021784635817557
14.000000000000012,0.46109852674637236,8.991814149617216
15.000000000000014,0.46095640629428847,8.96190759687965
16.000000000000014,0.46087227111522516,8.932042657493065
17.000000000000014,0.46078698721959804,8.902151948686313
18.000000000000014,0.46068988311416526,8.872249503145758
19.000000000000018,0.4605238693123487,8.842306495947128
20.000000000000018,0.4603316193423514,8.812326740579554
21.000000000000018,0.46015229222754284,8.782344820562221
22.00000000000002,0.4599690741603956,8.752389440365869
23.00000000000002,0.45978378849531254,8.722546894145875
24.00000000000002,0.45960627729328934,8.692823200983055
25.00000000000002,0.45938859694818324,8.663185150414424
26.00000000000002,0.45908834952923344,8.633656128513545
27.000000000000025,0.458751065859418,8.604346255258303
28.000000000000025,0.4584284992681259,8.575047640769126
29.000000000000025,0.4581230890511234,8.54573985067058
30.00000000000003,0.45784135687739763,8.516429363575684
31.00000000000003,0.45758531173983336,8.487113674755697
32.00000000000003,0.4573565094058078,8.457785133057099
33.00000000000003,0.45722164164161366,8.42841915345293
34.00000000000003,0.4571163527255614,8.399024703835021
35.00000000000003,0.4570287699005988,8.369602504098031
36.00000000000003,0.45694949981266914,8.340188314071568
37.000000000000036,0.45677692925880936,8.310848484690393
38.000000000000036,0.45658515279571504,8.281559512720232
39.000000000000036,0.4564263010598874,8.252325351719552
40.000000000000036,0.4562509638290019,8.223190229821734
41.000000000000036,0.4560512565399083,8.194056594685195
42.000000000000036,0.4558495559617801,8.164911346928585
43.000000000000036,0.4556707136155274,8.13575336216163
44.00000000000004,0.45551974343710666,8.10657618380677
45.00000000000004,0.45539233986836336,8.07740170916888
46.00000000000004,0.4552612686188539,8.048207969863874
47.00000000000004,0.45513481580798437,8.019001991908706
48.00000000000004,0.4550196386753929,7.989798021989832
49.00000000000004,0.45502061888493167,7.960514232663263
50.00000000000004,0.4551016067135301,7.931184992146785
51.00000000000004,0.4552205944354729,7.901862435442782
52.00000000000004,0.4553688851529952,7.872512274088938
53.00000000000005,0.4555404866316608,7.8432207939931295
54.00000000000005,0.4556930145947136,7.813871641294851
55.00000000000005,0.45571871499557204,7.784505391812681
56.00000000000005,0.4556777477664452,7.755133074699902
57.00000000000005,0.45560960999826927,7.725765184581832
58.00000000000005,0.45553744517622397,7.696372101806431
59.00000000000005,0.45547443602424514,7.666968024987338
60.00000000000006,0.4554162069502937,7.637545129021008
61.00000000000006,0.4553673247339057,7.608111019471076
62.00000000000006,0.45533467540322453,7.578676218471166
63.00000000000006,0.4553401102974077,7.5492179126681735
64.00000000000006,0.45538980870588064,7.51970720325582
65.00000000000006,0.45545396299848373,7.49015379243771
66.00000000000006,0.4555430614072781,7.460513244358042
67.00000000000006,0.45555674343529895,7.430778159230431
68.00000000000006,0.4555289893265494,7.400899271088911
69.00000000000006,0.45546340770893334,7.370855733186009
70.00000000000006,0.4554096927298723,7.3407083524839445
71.00000000000006,0.45537739129067273,7.3105026451157045
72.00000000000006,0.45536015737586405,7.280295924459492
73.00000000000007,0.45535986440976517,7.250092333879006
74.00000000000007,0.4553676341428826,7.2198979137433295
75.00000000000007,0.45538862162589216,7.189704282857162
76.00000000000007,0.4554240813285836,7.159512226442206
76.99999999999996,0.4554733624328047,7.129323140717815
77.99999999999996,0.45553953553992943,7.0991322623318025
78.99999999999996,0.45563014832106247,7.06891853418533
79.99999999999996,0.4557348945555554,7.038651425156731
80.99999999999996,0.455867221982771,7.008314032619865
81.99999999999996,0.4560143711165995,6.977913382736104
82.99999999999996,0.4561257533648102,6.947463044055128
83.99999999999996,0.4562083465916829,6.916878319886773
84.99999999999997,0.4563021528330227,6.886258393923
85.99999999999997,0.4564254677917635,6.855591302531432
86.99999999999997,0.4565646904549923,6.824884686944523
87.99999999999997,0.45671649477127,6.794176319437874
88.99999999999997,0.45684135965230266,6.763417015157061
89.99999999999997,0.45697454355000905,6.732648160411268
90.99999999999997,0.4571235596586483,6.701879257235495
91.99999999999997,0.45722234884326873,6.671063034044222
92.99999999999997,0.45723856969460486,6.640196667827848
93.99999999999997,0.4571909976320238,6.609309102748662
94.99999999999997,0.45698843100524555,6.578340931362682
95.99999999999997,0.4566637657958841,6.547328144611132
96.99999999999997,0.4563301449472826,6.516338291082297
97.99999999999997,0.4560703412617005,6.485407099770897
98.99999999999997,0.45587205132966374,6.454497113711988
99.99999999999997,0.4556937221207168,6.423579427249605
100.99999999999997,0.4555416157484109,6.392657825764896
101.99999999999999,0.45541654975997886,6.361735256444394
102.99999999999999,0.4553182931873592,6.330818929931388
103.99999999999999,0.45525140124961394,6.299902513252519
104.99999999999999,0.455215266650868,6.268983438974577
105.99999999999999,0.45521040329778534,6.238005198367535
106.99999999999999,0.45522127926648526,6.207025889173761
107.99999999999999,0.45523848878910506,6.1761185185231335
108.99999999999999,0.4552913060737837,6.1453311123712835
109.99999999999999,0.4554930320206362,6.114720757047395
110.99999999999999,0.45568718438518074,6.084302908679247
111.99999999999999,0.4558777351005564,6.054135447971004
112.99999999999999,0.4560637528011695,6.02417222734102
113.99999999999999,0.45627379725608896,5.994214675658226
114.99999999999999,0.45650091974607293,5.964251231497942
115.99999999999999,0.45673737347169197,5.934282420175051
117.0,0.4569664517383889,5.904289393808104
118.0,0.4572079706822788,5.874292009320762
119.0,0.4574473518057429,5.8442753478572245
120.0,0.45766281479155824,5.814201444687773
121.0,0.45789216854062775,5.784128929986713
122.0,0.45813590097684437,5.754090184001804
123.0,0.45835639119222166,5.724190351219079
124.0,0.45850264557553494,5.69452988469181
125.0,0.458590510630965,5.665080093063692
126.0,0.45853682650094146,5.635743334199946
127.0,0.4584313887669985,5.606432851901967
128.0,0.4583330944024948,5.5771140566088135
129.0,0.45825909895364,5.547793998398196
130.0,0.45820942030412265,5.518473119446095
131.0,0.4581861807154099,5.489132811558747
132.0,0.4581901903138763,5.4597861859917165
133.0,0.4581326436931416,5.430401065437492
134.0,0.4580192979313161,5.400932114649107
135.0,0.4579310709549019,5.371445015375979
136.0,0.4577789150477823,5.3418971859518
137.0,0.45754579649530835,5.312326532462516
138.0,0.4572788985113119,5.2829142554485555
139.0,0.4569065458731955,5.253550579518431
140.0,0.4564684800843904,5.224328845637496
141.0,0.45603142366546773,5.195188352794842
142.00000000000003,0.4556186503730805,5.16604362880178
143.00000000000003,0.4552215059850371,5.136885761316578
144.00000000000003,0.4548326594065975,5.107702022266344
145.00000000000003,0.45446489455336425,5.078517293192028
146.00000000000003,0.454118944163376,5.049332564117742
147.00000000000003,0.4537493775288359,5.020117968143237
148.00000000000003,0.45340402815451064,4.990900743510593
149.00000000000003,0.4530893152939667,4.961659895494193
150.00000000000003,0.45278410160730215,4.932333195827529
151.00000000000003,0.45248581905740637,4.902983874245513
152.00000000000003,0.4522213956408385,4.873632386961328
153.00000000000003,0.4519709718679984,4.844276907370079
154.00000000000003,0.45173660351506234,4.814890316981589
155.00000000000003,0.4515841921689033,4.785482128718604
156.00000000000003,0.45150326217053405,4.75611367528283
157.00000000000003,0.4514461211473983,4.7267140128083565
158.00000000000003,0.4514026666665481,4.697307868694615
159.00000000000003,0.45141541774191174,4.667872948124187
160.00000000000003,0.45146108812325153,4.638420864155757
161.00000000000003,0.45153072579273973,4.608964256380915
162.00000000000003,0.45169587503682657,4.579463590362611
163.00000000000003,0.45187902171728017,4.549964888480256
164.00000000000003,0.452090279572879,4.520451799822477
165.00000000000003,0.4523223775165836,4.490896846395271
166.00000000000003,0.4525230870432474,4.461268338851779
167.00000000000003,0.4527011181636535,4.431574688512744
168.00000000000003,0.4528583105914514,4.401775637120249
169.00000000000003,0.4529735272008145,4.371839226446796
170.00000000000003,0.4530634985203334,4.341738985125168
171.00000000000003,0.4531708463928148,4.3115407114401085
172.00000000000003,0.4532901082671678,4.281323816935241
173.00000000000006,0.45342239559503617,4.251101201182794
174.00000000000006,0.4535679087814377,4.220878585430438
175.00000000000006,0.45372663510149686,4.190655969678033
176.00000000000006,0.4538985606934836,4.1604333539256215
177.00000000000006,0.4540894349594142,4.130206531760559
178.00000000000006,0.45429116666035374,4.09996899705966
179.00000000000006,0.4545010132883522,4.069707015826569
180.00000000000006,0.45471983154457657,4.039398474396088
181.00000000000006,0.4548673666933582,4.0090320121853305
182.00000000000006,0.45501629185814385,3.978548170927626
183.00000000000006,0.4551363514246582,3.947928080730456
184.00000000000006,0.4552046803268636,3.9172714485581492
185.00000000000006,0.45528440006067117,3.886606186152779
186.00000000000006,0.4553992458574224,3.855898810770588
187.00000000000006,0.4555286177570359,3.8251658434582367
188.00000000000006,0.4556725227761134,3.7944302992541497
189.00000000000006,0.4558002934172203,3.7636540079855467
190.00000000000006,0.45592846459402003,3.732856130499681
191.00000000000006,0.4560712259235904,3.702054822765739
192.00000000000006,0.45623014968400477,3.6712504652863966
193.00000000000006,0.45640021846889905,3.6404471593114907
194.00000000000006,0.45656432250130813,3.6096153693522406
195.00000000000006,0.45654191105960623,3.5786256194073016
196.00000000000006,0.45644010072400193,3.5475988781505627
197.00000000000006,0.4562409605071349,3.516607595920939
198.00000000000006,0.456050074269883,3.485665350359765
199.00000000000006,0.4558398990069076,3.454788035412788
200.00000000000006,0.455652727524658,3.423941073551789
201.00000000000006,0.455488732509794,3.393085156711193
202.00000000000006,0.4553414545204242,3.3622199918902798
203.00000000000006,0.4552216101174978,3.331354827069352
203.99999999999997,0.45512922097243963,3.3004896622484323
204.99999999999997,0.45506240302455264,3.26962585560498
205.99999999999997,0.45503000916724334,3.2387121146701188
206.99999999999997,0.45502679698428344,3.207821696084733
207.99999999999997,0.45502781461816344,3.1769932283032034
208.99999999999997,0.45497258493470694,3.1462653962562337
209.99999999999997,0.45493715522556855,3.115784347540802
210.99999999999997,0.4548656776924191,3.085535764276977
211.99999999999997,0.4548405902564105,3.055494238578942
212.99999999999997,0.45487080083930986,3.0255301925551823
213.99999999999997,0.4549222894843083,2.9955686918821125
214.99999999999997,0.45498456187413705,2.965602867622348
215.99999999999997,0.45504219388491834,2.935621601427003
216.99999999999997,0.4550944655357758,2.905619849927152
217.99999999999997,0.4551636679779669,2.8756180984272155
218.99999999999997,0.45524921245810196,2.8456161883749527
219.99999999999997,0.4553338079926181,2.8155363113647014
220.99999999999997,0.45541234090216226,2.7854361104146204
221.99999999999997,0.45546589698767226,2.75537670912154
222.99999999999997,0.4554993648556431,2.725461831849003
223.99999999999997,0.45551432347211834,2.6957241952582915
224.99999999999997,0.45555245741554135,2.666114043233877
225.99999999999997,0.45551483199583326,2.6365999632464283
226.99999999999997,0.45548950429330504,2.60728296223222
227.99999999999997,0.45549243349071705,2.5779769669498087
228.99999999999997,0.45551767735229,2.5486673589961395
229.99999999999997,0.45557272216159145,2.5193538600258782
230.99999999999997,0.45567497945885227,2.4900280361562257
231.99999999999997,0.4558126693511699,2.4606964825823083
232.99999999999997,0.455938469511776,2.4313474894716838
234.0,0.4560295270058154,2.4019454659739328
235.0,0.4561443237275081,2.372493636965722
236.0,0.45628327752863107,2.3430146321914873
237.0,0.45634120647947446,2.3135743508009416
238.0,0.4562191507424577,2.284224336915942
239.0,0.4559244558004863,2.2549296392024885
240.0,0.4556039032793269,2.225736670783565
241.0,0.4552888055354424,2.1965861814564236
242.0,0.45499982146987017,2.1674145861421
243.0,0.45471438070121584,2.1382094169211627
244.0,0.4544491997261965,2.108997177907269
245.0,0.4542056739582529,2.0797838731058986
246.0,0.4539706049483345,2.050558053836302
247.0,0.4537270557957729,2.0213101917368794
248.0,0.4534836098254313,1.9920431275212325
249.0,0.45320017936771745,1.9627043103335924
250.0,0.4529289729265868,1.933341245972747
251.0,0.4526800777504908,1.9039689649668394
252.0,0.45242912021757536,1.8745548503746254
253.0,0.45217652231922734,1.8451790258507046
254.0,0.4519111243498931,1.815763715071379
255.0,0.4516475085135058,1.786353782056347
256.0,0.45142444272550963,1.756957867967289
257.0,0.45120827270316516,1.7275625027139996
258.0,0.45100394006637884,1.698135279152401
259.0,0.4508151422696819,1.6686940376750476
260.0,0.45063662467660714,1.6392147145887053
261.0,0.45047368009372085,1.6097353915023531
262.0,0.45032498653319597,1.5802578289141733
263.0,0.4502080554720234,1.550767306633574
264.0,0.4501274748075248,1.5212270627670876
265.0,0.4500585711321879,1.4916502449608264
266.0,0.45000668039789904,1.4619663640173512
267.0,0.44994281520837104,1.4321974766643546
268.0,0.4499404614417908,1.4022942531624876
269.0,0.44998193508851286,1.3722039812266398
270.0,0.45004561267732845,1.3420222829563961
271.0,0.4500906774837433,1.3117905073984801
272.0,0.4501482204805865,1.281557999181738
273.0,0.45021815281722827,1.2513248424925585
274.0,0.4502996584899826,1.2210936329102469
275.0,0.45039437035771085,1.1908625972939217
276.0,0.4505016580139495,1.1606326120132435
277.0,0.45061325165082133,1.130409415706845
278.0,0.45074140926288736,1.1001847130940818
279.0,0.4509089291376725,1.0699280145486236
280.0,0.45109062232226554,1.0396563237540044
281.0,0.45127002678441547,1.0093162248701475
282.0,0.45144208261945723,0.9788866727318183
283.00000000000006,0.45154195208275333,0.9483572607990332
284.00000000000006,0.45161254734236433,0.9177440043046119
285.00000000000006,0.45165664610602635,0.8870751843938416
286.00000000000006,0.45170653335732935,0.8563976321130948
287.00000000000006,0.4517809963089441,0.8256722607265228
288.00000000000006,0.45188142280674565,0.7949283937922086
289.00000000000006,0.4519875485949072,0.764164915991535
290.00000000000006,0.45209104714562753,0.7333605618181831
291.00000000000006,0.4522013998182246,0.7025621847710298
292.00000000000006,0.4523146844302968,0.6717781979082657
293.00000000000006,0.4524432505556209,0.6410100264626538
294.00000000000006,0.452586504217202,0.6102520612107248
295.00000000000006,0.4525508299288634,0.5793807522500957
296.00000000000006,0.4522428453336791,0.5484732472433538
297.00000000000006,0.4519134411865396,0.5175799806374678
298.00000000000006,0.451577810199329,0.48667413382889324
299.00000000000006,0.451261855213165,0.45580212585517466
300.00000000000006,0.4509649765225365,0.4249284812782762
301.00000000000006,0.4506948341299033,0.3940517270406928
302.00000000000006,0.4504543854608608,0.3631746463883899
303.00000000000006,0.4502454713507265,0.3322937825086298
304.00000000000006,0.45006437258465665,0.30141291862886505
305.00000000000006,0.44991223959798593,0.27052821022421236
306.00000000000006,0.44973222747472125,0.23960173736623286
307.00000000000006,0.44950136599089796,0.2086527269788238
308.00000000000006,0.4492760434559918,0.17775158685517545
309.00000000000006,0.4489913361622768,0.14692937306934872
310.00000000000006,0.4488292997669788,0.11629798515986592
311.00000000000006,0.4487486652902107,0.08587151854624382
312.00000000000006,0.44873425251093196,0.05566297143258964
313.00000000000006,0.4487393389799294,0.025674029677217377
314.00000000000006,0.44875483170050756,-0.004291995192180045
315.00000000000006,0.44878476640978787,-0.03426980841695166
316.00000000000006,0.44883106614871393,-0.06425093563939681
317.00000000000006,0.44889626206108657,-0.0942489055554955
318.00000000000006,0.44897997962672204,-0.12425860594235905
319.00000000000006,0.44907969891819977,-0.15426754006400592
320.00000000000006,0.4491900916823539,-0.18431391052397383
321.00000000000006,0.44930708258054636,-0.21440279285909222
322.00000000000006,0.4494322204278496,-0.24446355002097608
323.00000000000006,0.4495694100818623,-0.2744084086220656
324.00000000000006,0.4497372743553385,-0.30410237710507776
325.00000000000006,0.44983368976743343,-0.33356900140997453
326.00000000000006,0.4497624710069165,-0.36296358871958656
327.00000000000006,0.44963610293033834,-0.3922920165596427
328.00000000000006,0.4495365166058069,-0.42162140474801957
329.00000000000006,0.44947809449609116,-0.45099435916651115
330.00000000000006,0.4494465930352953,-0.4803731210711679
331.00000000000006,0.4494452053473545,-0.5097679393680035
332.00000000000006,0.44947050706836206,-0.5391630856883044
332.99999999999994,0.44950983105331244,-0.5685965148870361
333.99999999999994,0.4495043913151224,-0.5980862377387801
334.99999999999994,0.44952019363987494,-0.6275722378088039
335.99999999999994,0.44955059225480337,-0.657048484492418
336.99999999999994,0.4495952338037623,-0.6865373809446311
337.99999999999994,0.44955082458004897,-0.7160097423036633
338.99999999999994,0.4494087641753702,-0.7454421163100355
339.99999999999994,0.44919352885090075,-0.7747119879773421
340.99999999999994,0.44896637339878026,-0.8038704259804581
341.99999999999994,0.4487057435297853,-0.833038723628416
343.0,0.44846016730273486,-0.8622328723697843
344.0,0.4482501738387885,-0.8914484583311009
345.0,0.44806656790431865,-0.9206707926551808
346.0,0.4479055331213098,-0.9498931269792944
347.0,0.44770184745100877,-0.9791409063666053
348.0,0.44751000430711313,-1.008403714137583
349.0,0.44726899917658475,-1.0377210467602365
350.0,0.44696433404830177,-1.067089410307787
351.0,0.4466842333143832,-1.0964603524485836
352.0,0.44641367797164044,-1.1258412865938912
353.0,0.4461414746141713,-1.1552420506051293
354.0,0.4459100990673603,-1.184678620205897
355.0,0.44568494848988316,-1.2141242507358547
356.0,0.4454971128731173,-1.2435173824196755
357.0,0.44532631811014056,-1.2729116929960829
358.0,0.4451609188030209,-1.3023567197476362
359.0,0.4450315625630966,-1.3318387529531546
360.0,0.44491117908816813,-1.3613163205984533
361.0,0.44480650910475206,-1.3907938882438065
362.0,0.44471908270160293,-1.4202758325223408
363.0,0.44466655377496933,-1.4498006209062495
364.0,0.4446148913566439,-1.4793500262445416
365.0,0.4445956402248553,-1.508945292969152
366.0,0.4445778848044538,-1.538610797028694
367.0,0.4445585861629164,-1.5683329899587823
368.0,0.4445332801666729,-1.5981425914181429
369.0,0.44452142181977605,-1.6280772956693534
370.0,0.44444084942928613,-1.6582211145844983
371.0,0.4443630134835229,-1.6884452744862208
372.0,0.4443049743557871,-1.7186818635554746
373.0,0.44426420963669433,-1.7489221880611472
374.0,0.44423704884812704,-1.7791625125668395
375.0,0.44422349448542714,-1.8094028370725106
376.0,0.44422241676245877,-1.839642595987795
377.0,0.4442327196346257,-1.869882840374337
378.0,0.4442503209584499,-1.90013854364506
379.0,0.4442828567327574,-1.930412834591171
380.0,0.4443221006227566,-1.9607167643194698
381.0,0.4443523771442248,-1.9911142628355076
382.0,0.4443770981748649,-2.0216128157449047
383.0,0.4443987463352751,-2.0521756930812463
384.0,0.44449778084402825,-2.0828305590736838
385.0,0.44459419151280477,-2.1135131386815322
386.0,0.4447068920734739,-2.144208494574442
387.0,0.444834687461745,-2.1749375462438607
388.0,0.44494436196366777,-2.20568543019897
389.0,0.44506207643416645,-2.2364417699070365
390.0,0.44514419341639644,-2.2672504371996256
391.0,0.44524123403786603,-2.298056866192053
392.0,0.4453509034225454,-2.3288616496839905
393.0,0.4454860214960227,-2.3596695585388017
394.0,0.44562842423910975,-2.3904646793068416
395.0,0.44553470363580344,-2.421408318253282
396.0,0.4452064718683716,-2.4524728201714434
397.0,0.4448810670553015,-2.4834919779586464
398.0,0.4445886853174547,-2.514453360645217
399.0,0.4443127721364293,-2.5453244312851364
400.0,0.44405480055706115,-2.576179559701871
401.0,0.4438364550263424,-2.607046131323284
402.0,0.4436539114824219,-2.637921829580733
403.0,0.4434995663498509,-2.668797527838149
404.0,0.4433734490775277,-2.6996732260956517
405.0,0.4432755127420119,-2.7305475333636897
406.0,0.44325624318033974,-2.7614708247639275
407.0,0.44328925602288505,-2.7923933706213044
408.00000000000006,0.4433380556399604,-2.823261999819627
409.00000000000006,0.4433465136788096,-2.8540107581232914
410.00000000000006,0.4433985747444951,-2.884501534025569
411.00000000000006,0.4434714314482514,-2.9147177425376927
412.00000000000006,0.4435521167877344,-2.944769763061281
413.00000000000006,0.4436697105872556,-2.9747622239174247
414.00000000000006,0.4438319165671625,-3.0047396410559952
415.00000000000006,0.44401175344639204,-3.034719311207549
416.00000000000006,0.444210250157192,-3.0646995342413734
417.00000000000006,0.4444152652878973,-3.09469400099977
418.00000000000006,0.4446339883063804,-3.1246905250476806
419.00000000000006,0.4448249488710721,-3.1547259112859583
420.00000000000006,0.4449724887066785,-3.1848282794626037
421.00000000000006,0.44513551859949635,-3.214930030922703
422.00000000000006,0.44527307090865736,-3.244990660377587
423.00000000000006,0.44534772197120104,-3.2749273396375114
424.00000000000006,0.44537184058429236,-3.304701534597532
425.00000000000006,0.445392651652551,-3.334316115381047
426.00000000000006,0.445396936117561,-3.3638532943261743
427.00000000000006,0.4454075343356458,-3.3931965838293956
428.00000000000006,0.44545166953314347,-3.4225261306502506
429.00000000000006,0.44551638382282366,-3.451856679214917
430.00000000000006,0.44560493174014815,-3.481192413679229
431.00000000000006,0.4457148531696847,-3.510534902090451
432.00000000000006,0.4458433607526261,-3.5398886911584815
433.00000000000006,0.4459993823522412,-3.569259591930827
434.00000000000006,0.4461569783724804,-3.598700776665483
435.00000000000006,0.44635828169703773,-3.6281532308225644
436.00000000000006,0.44663939467474095,-3.657618950798875
437.00000000000006,0.44684523277119265,-3.6871022090059853
438.00000000000006,0.44697162042882355,-3.7165239904155594
439.00000000000006,0.44699037613799686,-3.745843074966777
440.00000000000006,0.44695452832909327,-3.7750534054280975
441.00000000000006,0.4469076129451325,-3.804217366693587
442.00000000000006,0.446871201319672,-3.833411188505033
443.00000000000006,0.44685480418604273,-3.862610043839633
444.00000000000006,0.4468425052570921,-3.8918263406103346
445.00000000000006,0.44684776641957596,-3.9210484262614385
446.00000000000006,0.4468905112109478,-3.9502899710009847
447.00000000000006,0.4469659569128723,-3.979544827011392
448.00000000000006,0.4470608117661082,-4.008812807675798
449.00000000000006,0.44713380429863075,-4.038182510806994
450.00000000000006,0.44724267292572417,-4.067560035654407
451.00000000000006,0.44737505230442315,-4.096955909685246
452.00000000000006,0.44752691759162955,-4.126376853328561
453.00000000000006,0.44766278164753,-4.155761795095731
454.00000000000006,0.44778821192527457,-4.185201900749393
455.00000000000006,0.4479425896992785,-4.214654579020913
456.00000000000006,0.44815806483966025,-4.2440901034356395
457.00000000000006,0.448333142087578,-4.273510313862088
458.00000000000006,0.4485279347826982,-4.3029524879778025
459.00000000000006,0.448704812943555,-4.332432120879356
459.99999999999994,0.44888713217041143,-4.361929625244646
460.99999999999994,0.44908513729521576,-4.39142712960989
461.99999999999994,0.4492961324155009,-4.420922784490694
462.99999999999994,0.44951970735448393,-4.45043506497758
463.99999999999994,0.44974357048778885,-4.479999188678825
464.99999999999994,0.4499895589502706,-4.509590946882849
465.99999999999994,0.4501984339376951,-4.539264981762163
466.99999999999994,0.45031796055437184,-4.569026947257531
468.0,0.45045941593651606,-4.598968864699452
469.0,0.4506260442522702,-4.629088109568367
470.0,0.4507809411463884,-4.659280905143954
471.0,0.4509462872473685,-4.689498231234434
472.0,0.4511204503821522,-4.719729848873109
473.0,0.4513071404979332,-4.749959482092
474.0,0.4514810623502263,-4.780173541592548
475.0,0.4516683322587347,-4.810387601093148
476.0,0.45186753264836627,-4.840599225746574
477.0,0.4520763686655969,-4.8708062818396884
478.0,0.45229925840276053,-4.901013542930397
479.0,0.4525551271679346,-4.931234921177636
480.0,0.4528347032586563,-4.961525474542468
481.0,0.45311482915108525,-4.991858251229031
482.0,0.45340492486155465,-5.022287216372316
483.0,0.45368624231502525,-5.052786174410877
484.0,0.45396997792854654,-5.083402515397794
485.0,0.45424817063227035,-5.114049766772959
486.0,0.454520154913886,-5.144710238610236
487.0,0.45477433735771794,-5.175431491267878
488.0,0.45502883841466657,-5.206214695533506
489.0,0.45530053510067436,-5.237014627793554
490.0,0.45558781423972694,-5.267814560053621
491.0,0.45588586794064834,-5.298611471655125
492.0,0.45619686610250476,-5.329406943823883
493.0,0.45651829678052364,-5.360186533776051
494.0,0.4568618436801353,-5.3909293918022785
495.0,0.45713458181422467,-5.421724603290616
496.0,0.45715592330622146,-5.4526345512383285
497.0,0.4571020456695973,-5.483508392976639
498.0,0.4569352600387352,-5.514359063591233
499.0,0.45679146588572683,-5.545179511959227
500.0,0.4566785728838349,-5.576032476605187
