sensor,metric,value,units
FLIR,n,1443,count
FLIR,mae_deg,0.17373468690314525,degrees
FLIR,std_deg,0.23032349104307628,degrees
FLIR,rmse_deg,0.23035123272595798,degrees
FLIR,p95_deg,0.40870319439710495,degrees
FLIR,bias_deg,-0.007038666340723807,degrees
Livox vs FLIR heldout raw,n,402,count
Livox vs FLIR heldout raw,mae_deg,0.5222541544605299,degrees
Livox vs FLIR heldout raw,std_deg,0.6742024255450794,degrees
Livox vs FLIR heldout raw,rmse_deg,0.6741352310307648,degrees
Livox vs FLIR heldout raw,p95_deg,1.279494319413112,degrees
Livox vs FLIR heldout raw,bias_deg,-0.03225085718466742,degrees
Livox vs FLIR heldout offline,n,402,count
Livox vs FLIR heldout offline,mae_deg,0.35163353806261605,degrees
Livox vs FLIR heldout offline,std_deg,0.4458357568467612,degrees
Livox vs FLIR heldout offline,rmse_deg,0.45235430690716355,degrees
Livox vs FLIR heldout offline,p95_deg,0.9042928654352635,degrees
Livox vs FLIR heldout offline,bias_deg,-0.07968279890796037,degrees
