bag,previous_livox_std_deg,automatic_livox_std_deg,percent_std_reduction,camera_std_deg,localization_method,wheel_depth_m,camera_prior_distance_px,reference_h5_max_abs_difference
rig_20260828_191635_0.bag,0.6102882143880428,0.654620893657,-7.264220121539,0.18763848148063547,camera_guided,1.897350001335144,30.305889626615958,0.0
rig_20260828_191845_0.bag,0.6045135609609988,0.4916087102086261,18.676975678244045,0.201280711189568,camera_guided,1.8967000603675843,30.478712765108526,0.0
rig_20260828_192028_0.bag,0.5738409309878187,0.4886775935072314,14.840931150377479,0.2607651412488571,camera_guided,1.8978499472141266,31.296876996049875,0.0
rig_20260828_192202_0.bag,0.7886779666350091,0.6578021626726632,16.594327405993536,0.25956969585043854,camera_guided,1.8960000276565552,31.402568941920908,0.0
rig_20260828_192433_0.bag,0.6271978458532423,0.6035821125052105,3.7652765397982013,0.25146566173524604,camera_guided,1.8952000379562377,31.16585682684987,0.0
rig_20260828_192618_0.bag,0.6116467920796418,0.46992658777133367,23.170268550980133,0.2538536123910393,camera_guided,1.8981999635696412,31.022174455718144,0.0
rig_20260828_192752_0.bag,0.8221625127243011,0.6740344515356422,18.016883389370875,0.26276306972907565,camera_guided,1.899999976158142,31.476887036593453,0.0
rig_20260828_192952_0.bag,0.6710537165794304,0.5622771052061318,16.209821760285713,0.2266973044250683,camera_guided,1.6867499828338623,31.570415077693156,0.0
rig_20260828_193136_0.bag,0.6320915131310543,0.5164070890838152,18.301847381908097,0.2362974112892714,camera_guided,1.690000057220459,31.935794857733953,0.0
rig_20260828_193309_0.bag,0.706455103781511,0.6742024255450794,4.5654250445342655,0.23032349104307628,camera_guided,1.6864499688148498,31.63387309500421,0.0
