bag,bin,start_percent,std_deg
rig_20260828_191635_0.bag,0,0,0.35330270667851393
rig_20260828_191635_0.bag,1,5,0.6088111017705761
rig_20260828_191635_0.bag,2,10,0.3860577829590938
rig_20260828_191635_0.bag,3,15,0.5735922623035422
rig_20260828_191635_0.bag,4,20,0.3221431364651836
rig_20260828_191635_0.bag,5,25,0.4997695199475353
rig_20260828_191635_0.bag,6,30,0.5994313807744114
rig_20260828_191635_0.bag,7,35,0.514719755295965
rig_20260828_191635_0.bag,8,40,0.6198551909681222
rig_20260828_191635_0.bag,9,45,0.3936709797478677
rig_20260828_191635_0.bag,10,50,0.5598317147557523
rig_20260828_191635_0.bag,11,55,0.5111924427846516
rig_20260828_191635_0.bag,12,60,0.37859064602547576
rig_20260828_191635_0.bag,13,65,0.6813510011158318
rig_20260828_191635_0.bag,14,70,0.4198132794089541
rig_20260828_191635_0.bag,15,75,0.6227071174984898
rig_20260828_191635_0.bag,16,80,0.6075366271743095
rig_20260828_191635_0.bag,17,85,0.329273786695905
rig_20260828_191635_0.bag,18,90,0.46740107578806783
rig_20260828_191635_0.bag,19,95,0.4311787342836734
rig_20260828_191845_0.bag,0,0,0.4379501687950715
rig_20260828_191845_0.bag,1,5,0.4072121855317978
rig_20260828_191845_0.bag,2,10,0.5397843748492736
rig_20260828_191845_0.bag,3,15,0.4438981214973056
rig_20260828_191845_0.bag,4,20,0.49856931526957027
rig_20260828_191845_0.bag,5,25,0.4826320367832022
rig_20260828_191845_0.bag,6,30,0.4500095244262317
rig_20260828_191845_0.bag,7,35,0.5287719787202513
rig_20260828_191845_0.bag,8,40,0.4907374209379679
rig_20260828_191845_0.bag,9,45,0.3079911723443147
rig_20260828_191845_0.bag,10,50,0.4909192622304669
rig_20260828_191845_0.bag,11,55,0.487899698167359
rig_20260828_191845_0.bag,12,60,0.350424232295206
rig_20260828_191845_0.bag,13,65,0.41987581018810016
rig_20260828_191845_0.bag,14,70,0.41975245614593765
rig_20260828_191845_0.bag,15,75,0.5818459314271289
rig_20260828_191845_0.bag,16,80,0.4273687147463276
rig_20260828_191845_0.bag,17,85,0.5194599820780614
rig_20260828_191845_0.bag,18,90,0.484984125698724
rig_20260828_191845_0.bag,19,95,0.4405917480854463
rig_20260828_192028_0.bag,0,0,0.3882386836461371
rig_20260828_192028_0.bag,1,5,0.4703652490358314
rig_20260828_192028_0.bag,2,10,0.36766563466863994
rig_20260828_192028_0.bag,3,15,0.4299711314653529
rig_20260828_192028_0.bag,4,20,0.4664040916455253
rig_20260828_192028_0.bag,5,25,0.3963004915622474
rig_20260828_192028_0.bag,6,30,0.4896383046644944
rig_20260828_192028_0.bag,7,35,0.32629953313882776
rig_20260828_192028_0.bag,8,40,0.3685180212610194
rig_20260828_192028_0.bag,9,45,0.4565608139187733
rig_20260828_192028_0.bag,10,50,0.3749375485540418
rig_20260828_192028_0.bag,11,55,0.40033942894577573
rig_20260828_192028_0.bag,12,60,0.36705522379024047
rig_20260828_192028_0.bag,13,65,0.5513880645705599
rig_20260828_192028_0.bag,14,70,0.6335362980946305
rig_20260828_192028_0.bag,15,75,0.41908510791575654
rig_20260828_192028_0.bag,16,80,0.5786492490518774
rig_20260828_192028_0.bag,17,85,0.5503392037193292
rig_20260828_192028_0.bag,18,90,0.39285278447477767
rig_20260828_192028_0.bag,19,95,0.5866439701974587
rig_20260828_192202_0.bag,0,0,0.581596458919628
rig_20260828_192202_0.bag,1,5,0.6344826569003514
rig_20260828_192202_0.bag,2,10,0.8282542365088909
rig_20260828_192202_0.bag,3,15,0.5745808180702984
rig_20260828_192202_0.bag,4,20,0.7355886058752004
rig_20260828_192202_0.bag,5,25,0.54621102810865
rig_20260828_192202_0.bag,6,30,0.7929745283291265
rig_20260828_192202_0.bag,7,35,0.371233951923703
rig_20260828_192202_0.bag,8,40,0.6384545201332184
rig_20260828_192202_0.bag,9,45,0.5864746022610715
rig_20260828_192202_0.bag,10,50,0.5644056778083798
rig_20260828_192202_0.bag,11,55,0.7817717183051575
rig_20260828_192202_0.bag,12,60,0.6255007632570854
rig_20260828_192202_0.bag,13,65,0.6601579344058406
rig_20260828_192202_0.bag,14,70,0.7395907990582339
rig_20260828_192202_0.bag,15,75,0.5366059574858284
rig_20260828_192202_0.bag,16,80,0.5057428180697036
rig_20260828_192202_0.bag,17,85,0.5648953494293383
rig_20260828_192202_0.bag,18,90,0.4621150762291318
rig_20260828_192202_0.bag,19,95,0.5145759466457416
rig_20260828_192433_0.bag,0,0,0.4673115676666021
rig_20260828_192433_0.bag,1,5,0.41804572080759317
rig_20260828_192433_0.bag,2,10,0.775960271100549
rig_20260828_192433_0.bag,3,15,0.5176753335093974
rig_20260828_192433_0.bag,4,20,0.4485493748506188
rig_20260828_192433_0.bag,5,25,0.5045754625218568
rig_20260828_192433_0.bag,6,30,0.5541510117240844
rig_20260828_192433_0.bag,7,35,0.4670711945774125
rig_20260828_192433_0.bag,8,40,0.44078160962902596
rig_20260828_192433_0.bag,9,45,0.5558071763153439
rig_20260828_192433_0.bag,10,50,0.402888585560528
rig_20260828_192433_0.bag,11,55,0.4640793114821667
rig_20260828_192433_0.bag,12,60,0.30527486447194785
rig_20260828_192433_0.bag,13,65,0.5619917790062203
rig_20260828_192433_0.bag,14,70,0.43309991346110777
rig_20260828_192433_0.bag,15,75,0.5975539051337392
rig_20260828_192433_0.bag,16,80,0.5777961708312978
rig_20260828_192433_0.bag,17,85,0.5936175010865046
rig_20260828_192433_0.bag,18,90,0.33528758125931113
rig_20260828_192433_0.bag,19,95,0.3603759039870617
rig_20260828_192618_0.bag,0,0,0.49340884040271005
rig_20260828_192618_0.bag,1,5,0.38363539957224635
rig_20260828_192618_0.bag,2,10,0.5721508898404489
rig_20260828_192618_0.bag,3,15,0.47006323964740365
rig_20260828_192618_0.bag,4,20,0.32737871737783025
rig_20260828_192618_0.bag,5,25,0.388393693519328
rig_20260828_192618_0.bag,6,30,0.37429747890200976
rig_20260828_192618_0.bag,7,35,0.5187493903704113
rig_20260828_192618_0.bag,8,40,0.40080074528294085
rig_20260828_192618_0.bag,9,45,0.45046641480794014
rig_20260828_192618_0.bag,10,50,0.38826587649230837
rig_20260828_192618_0.bag,11,55,0.5113731043460439
rig_20260828_192618_0.bag,12,60,0.41857458306925943
rig_20260828_192618_0.bag,13,65,0.437731532645152
rig_20260828_192618_0.bag,14,70,0.46115004872828286
rig_20260828_192618_0.bag,15,75,0.35640340375478935
rig_20260828_192618_0.bag,16,80,0.33757907399801645
rig_20260828_192618_0.bag,17,85,0.5884634548515326
rig_20260828_192618_0.bag,18,90,0.3979007699919924
rig_20260828_192618_0.bag,19,95,0.43492181632608723
rig_20260828_192752_0.bag,0,0,0.7947243931920449
rig_20260828_192752_0.bag,1,5,0.6981297458228081
rig_20260828_192752_0.bag,2,10,0.7324290355462871
rig_20260828_192752_0.bag,3,15,0.6241093499211601
rig_20260828_192752_0.bag,4,20,0.7228542103376636
rig_20260828_192752_0.bag,5,25,0.6141433446929744
rig_20260828_192752_0.bag,6,30,0.5386394273629637
rig_20260828_192752_0.bag,7,35,0.7099362217899714
rig_20260828_192752_0.bag,8,40,0.7002771662092111
rig_20260828_192752_0.bag,9,45,0.6560009507390493
rig_20260828_192752_0.bag,10,50,0.6575333460860004
rig_20260828_192752_0.bag,11,55,0.7343503803266778
rig_20260828_192752_0.bag,12,60,0.7835796606875198
rig_20260828_192752_0.bag,13,65,0.6668038122021921
rig_20260828_192752_0.bag,14,70,0.5922673962443271
rig_20260828_192752_0.bag,15,75,0.626157125167349
rig_20260828_192752_0.bag,16,80,0.6251375062964744
rig_20260828_192752_0.bag,17,85,0.6604398342494371
rig_20260828_192752_0.bag,18,90,0.6570193006710161
rig_20260828_192752_0.bag,19,95,0.5982155052450956
rig_20260828_192952_0.bag,0,0,0.35317557739170213
rig_20260828_192952_0.bag,1,5,0.5718658717507995
rig_20260828_192952_0.bag,2,10,0.3741836117967743
rig_20260828_192952_0.bag,3,15,0.5085390481030567
rig_20260828_192952_0.bag,4,20,0.7047723500472268
rig_20260828_192952_0.bag,5,25,0.537584921154083
rig_20260828_192952_0.bag,6,30,0.4863479548687672
rig_20260828_192952_0.bag,7,35,0.39275769850764414
rig_20260828_192952_0.bag,8,40,0.4201083429509663
rig_20260828_192952_0.bag,9,45,0.5227448599367943
rig_20260828_192952_0.bag,10,50,0.8827192622608349
rig_20260828_192952_0.bag,11,55,0.48585592430163066
rig_20260828_192952_0.bag,12,60,0.36496433848361454
rig_20260828_192952_0.bag,13,65,0.40399058142917244
rig_20260828_192952_0.bag,14,70,0.39240078211098606
rig_20260828_192952_0.bag,15,75,0.44648934951186986
rig_20260828_192952_0.bag,16,80,0.4463955031527609
rig_20260828_192952_0.bag,17,85,0.36756637540510906
rig_20260828_192952_0.bag,18,90,0.5014740766936254
rig_20260828_192952_0.bag,19,95,0.38915461286282726
rig_20260828_193136_0.bag,0,0,0.4413194263853345
rig_20260828_193136_0.bag,1,5,0.5786990601591513
rig_20260828_193136_0.bag,2,10,0.5076169009388863
rig_20260828_193136_0.bag,3,15,0.5811089728276899
rig_20260828_193136_0.bag,4,20,0.42586444025366155
rig_20260828_193136_0.bag,5,25,0.4909618611412942
rig_20260828_193136_0.bag,6,30,0.4145084067505596
rig_20260828_193136_0.bag,7,35,0.4618316319279661
rig_20260828_193136_0.bag,8,40,0.4495857721644732
rig_20260828_193136_0.bag,9,45,0.41592707849561245
rig_20260828_193136_0.bag,10,50,0.5095350562871277
rig_20260828_193136_0.bag,11,55,0.4160199779834829
rig_20260828_193136_0.bag,12,60,0.4104771885740956
rig_20260828_193136_0.bag,13,65,0.5992114763484602
rig_20260828_193136_0.bag,14,70,0.3831221488559794
rig_20260828_193136_0.bag,15,75,0.5344165368467518
rig_20260828_193136_0.bag,16,80,0.5283880988424157
rig_20260828_193136_0.bag,17,85,0.553555772995513
rig_20260828_193136_0.bag,18,90,0.5841438199546959
rig_20260828_193136_0.bag,19,95,0.5152545780260276
rig_20260828_193309_0.bag,0,0,0.5169003897968601
rig_20260828_193309_0.bag,1,5,0.4713957065106392
rig_20260828_193309_0.bag,2,10,0.6141265904895217
rig_20260828_193309_0.bag,3,15,0.5831395546351037
rig_20260828_193309_0.bag,4,20,0.5128683882692331
rig_20260828_193309_0.bag,5,25,0.6149709109467357
rig_20260828_193309_0.bag,6,30,0.830195853803267
rig_20260828_193309_0.bag,7,35,0.7802966392132908
rig_20260828_193309_0.bag,8,40,0.8081370523029159
rig_20260828_193309_0.bag,9,45,0.5223261261502149
rig_20260828_193309_0.bag,10,50,0.5107088616850975
rig_20260828_193309_0.bag,11,55,0.4282871872847824
rig_20260828_193309_0.bag,12,60,0.5750772423014922
rig_20260828_193309_0.bag,13,65,0.38539318997260114
rig_20260828_193309_0.bag,14,70,0.5233891531326103
rig_20260828_193309_0.bag,15,75,0.615680638877325
rig_20260828_193309_0.bag,16,80,0.7856324842240574
rig_20260828_193309_0.bag,17,85,0.40160505654543793
rig_20260828_193309_0.bag,18,90,0.8928382063564761
rig_20260828_193309_0.bag,19,95,0.5207679372690852
