bag,bag_path,run_id,group,camera_frames,livox_clouds,input_points_total,camera_rpm,livox_rpm,camera_fold_rpm_std,livox_fold_rpm_std,camera_local_rpm_std,livox_local_rpm_std,flir_std_deg,livox_std_deg,livox_offline_std_deg,target_points_mean,target_points_std,target_depth_spread_m,camera_quality,livox_quality,single_bag_timing_status
rig_20260828_191635_0.bag,device_1/rig_20260828_191635_0.bag,batch_device_1_20261007T005914Z_2e5dcccf/captures/rig_20260828_191635_0_76cf5d06,normal,1424,419,10056000,-4.999774602351344,-5.000311079431224,6.377435329306017e-05,0.0014234638480193373,0.012780889956698975,0.023935989887143103,0.18763848148063547,0.6102882143880428,0.3169298325321751,672.3556085918855,68.0660391104913,0.12148759331382099,TRACK_RECOVERED,RELATIVE_TRACK_RECOVERED,NOT_IDENTIFIABLE_FROM_THIS_BAG
rig_20260828_191845_0.bag,device_1/rig_20260828_191845_0.bag,batch_device_1_20261007T005914Z_2e5dcccf/captures/rig_20260828_191845_0_7bf922da,normal,1423,419,10056000,9.999671842705975,10.000105411097003,6.693022454581179e-05,0.0005080137594110617,0.00989333946562499,0.0286425289637982,0.201280711189568,0.6045135609609988,0.255097198667297,674.6968973747016,69.9886269976128,0.12104161756433438,TRACK_RECOVERED,RELATIVE_TRACK_RECOVERED,NOT_IDENTIFIABLE_FROM_THIS_BAG
rig_20260828_192028_0.bag,device_1/rig_20260828_192028_0.bag,batch_device_1_20261007T005914Z_2e5dcccf/captures/rig_20260828_192028_0_299adaaa,normal,1425,419,10056000,9.999853149067627,10.000570743783454,4.720941444397276e-05,0.0005351160371613121,0.011023232527078245,0.023765802994286014,0.2607651412488571,0.5738409309878187,0.2749816315301865,674.9809069212411,69.85983655698622,0.12328012646883672,TRACK_RECOVERED,RELATIVE_TRACK_RECOVERED,NOT_IDENTIFIABLE_FROM_THIS_BAG
rig_20260828_192202_0.bag,device_1/rig_20260828_192202_0.bag,batch_device_1_20261007T005914Z_2e5dcccf/captures/rig_20260828_192202_0_e3234bee,normal,1440,425,10200000,-14.999230500921684,-14.999396256121294,5.31916699959394e-05,0.0005406030918739521,0.008022316780685768,0.0452148675586928,0.25956969585043854,0.7886779666350091,0.42777925907033004,675.7152941176471,69.05870743173568,0.12393235625811125,TRACK_RECOVERED,RELATIVE_TRACK_RECOVERED,NOT_IDENTIFIABLE_FROM_THIS_BAG
rig_20260828_192433_0.bag,device_1/rig_20260828_192433_0.bag,batch_device_1_20261007T005914Z_2e5dcccf/captures/rig_20260828_192433_0_ccaccd50,normal,1426,421,10104000,4.9997732292177846,5.000243231026642,5.238501553775755e-05,0.001062964925642226,0.013250428893633157,0.023779000212142493,0.25146566173524604,0.6271978458532423,0.3137158819759949,678.7363420427554,69.40573830343305,0.13290409765455008,TRACK_RECOVERED,RELATIVE_TRACK_RECOVERED,NOT_IDENTIFIABLE_FROM_THIS_BAG
rig_20260828_192618_0.bag,device_1/rig_20260828_192618_0.bag,batch_device_1_20261007T005914Z_2e5dcccf/captures/rig_20260828_192618_0_5f6216ce,normal,1423,419,10056000,-9.999472997752033,-9.99954329649919,4.004998162640394e-05,0.0008012603743803357,0.012922411322109995,0.03790548670584221,0.2538536123910393,0.6116467920796418,0.31417205480714994,682.8520286396181,66.7595633307619,0.1348946150128641,TRACK_RECOVERED,RELATIVE_TRACK_RECOVERED,NOT_IDENTIFIABLE_FROM_THIS_BAG
rig_20260828_192752_0.bag,device_1/rig_20260828_192752_0.bag,batch_device_1_20261007T005914Z_2e5dcccf/captures/rig_20260828_192752_0_8e324475,normal,1424,420,10080000,14.999436487261926,14.999841203920795,5.6600864856220846e-05,0.0003909103779091727,0.009044101295367687,0.034513509974391315,0.26276306972907565,0.8221625127243011,0.2974458737167127,684.3833333333333,66.63198690268692,0.13363537646503784,TRACK_RECOVERED,RELATIVE_TRACK_RECOVERED,NOT_IDENTIFIABLE_FROM_THIS_BAG
rig_20260828_192952_0.bag,device_1/rig_20260828_192952_0.bag,batch_device_1_20261007T005914Z_2e5dcccf/captures/rig_20260828_192952_0_c0852c50,red,1427,420,10080000,-4.999832747331429,-5.0001434053105545,0.00010577612219207174,0.0025565474773829176,0.011826979459079302,0.022421132023646862,0.2266973044250683,0.6710537165794304,0.42125037620546757,580.7952380952381,84.65877586223475,0.1157518445929889,TRACK_RECOVERED,RELATIVE_TRACK_RECOVERED,NOT_IDENTIFIABLE_FROM_THIS_BAG
rig_20260828_193136_0.bag,device_1/rig_20260828_193136_0.bag,batch_device_1_20261007T005914Z_2e5dcccf/captures/rig_20260828_193136_0_9742e88f,red,1426,420,10080000,9.99988436952133,10.000668405628085,8.757464283278426e-05,0.0006835276481528933,0.013958946123682427,0.02777287431986544,0.2362974112892714,0.6320915131310543,0.2712606341667309,584.8761904761905,84.39937395712744,0.11492218542454471,TRACK_RECOVERED,RELATIVE_TRACK_RECOVERED,NOT_IDENTIFIABLE_FROM_THIS_BAG
rig_20260828_193309_0.bag,device_1/rig_20260828_193309_0.bag,batch_device_1_20261007T005914Z_2e5dcccf/captures/rig_20260828_193309_0_4dc5046b,red,1443,423,10152000,-14.999283602030934,-15.000003428906345,5.8620632436926035e-05,0.000668250370136082,0.011795724545845472,0.0406190386478401,0.23032349104307628,0.706455103781511,0.38818756855763775,584.4657210401891,84.00949580939934,0.11727692081035104,TRACK_RECOVERED,RELATIVE_TRACK_RECOVERED,NOT_IDENTIFIABLE_FROM_THIS_BAG
