bag,bag_path,run_id,group,omega_deg_s,phase_delta_mod120_deg,phase_residual_std_deg,physical_zero_calibrated,convention,fitted_phase_deg,unwrapped_phase_deg,residual_deg
rig_20260828_191635_0.bag,device_1/rig_20260828_191635_0.bag,batch_device_1_20261007T005914Z_2e5dcccf/captures/rig_20260828_191635_0_76cf5d06,normal,-29.998647614108066,-32.43723241935143,0.44271870450750006,False,"Common ellipse-normalized H5 phase / 3, modulo 120 degrees; empirical sensor phase.",-32.3677581465056,-32.43723241935143,-0.06947427284583085
rig_20260828_191845_0.bag,device_1/rig_20260828_191845_0.bag,batch_device_1_20261007T005914Z_2e5dcccf/captures/rig_20260828_191845_0_7bf922da,normal,59.99803105623585,-34.59589202054218,0.49449537449136344,False,"Common ellipse-normalized H5 phase / 3, modulo 120 degrees; empirical sensor phase.",-34.705035032226355,-34.59589202054218,0.10914301168417495
rig_20260828_192028_0.bag,device_1/rig_20260828_192028_0.bag,batch_device_1_20261007T005914Z_2e5dcccf/captures/rig_20260828_192028_0_299adaaa,normal,59.99911889440577,-34.8917103880688,0.4789801317228496,False,"Common ellipse-normalized H5 phase / 3, modulo 120 degrees; empirical sensor phase.",-34.70506328414684,-34.8917103880688,-0.18664710392196326
rig_20260828_192202_0.bag,device_1/rig_20260828_192202_0.bag,batch_device_1_20261007T005914Z_2e5dcccf/captures/rig_20260828_192202_0_e3234bee,normal,-89.9953830055301,-30.755413198882216,0.5177699638815844,False,"Common ellipse-normalized H5 phase / 3, modulo 120 degrees; empirical sensor phase.",-30.809600835359365,-30.755413198882216,0.05418763647714897
rig_20260828_192433_0.bag,device_1/rig_20260828_192433_0.bag,batch_device_1_20261007T005914Z_2e5dcccf/captures/rig_20260828_192433_0_ccaccd50,normal,29.99863937530671,-33.632238264306494,0.4677374110667602,False,"Common ellipse-normalized H5 phase / 3, modulo 120 degrees; empirical sensor phase.",-33.925929783038704,-33.632238264306494,0.29369151873221
rig_20260828_192618_0.bag,device_1/rig_20260828_192618_0.bag,batch_device_1_20261007T005914Z_2e5dcccf/captures/rig_20260828_192618_0_5f6216ce,normal,-59.9968379865122,-31.562137379233615,0.5147643965700567,False,"Common ellipse-normalized H5 phase / 3, modulo 120 degrees; empirical sensor phase.",-31.588684096143172,-31.562137379233615,0.026546716909557233
rig_20260828_192752_0.bag,device_1/rig_20260828_192752_0.bag,batch_device_1_20261007T005914Z_2e5dcccf/captures/rig_20260828_192752_0_8e324475,normal,89.99661892357156,-35.71156691284627,0.5813027078644775,False,"Common ellipse-normalized H5 phase / 3, modulo 120 degrees; empirical sensor phase.",-35.484119405811036,-35.71156691284627,-0.22744750703523664
rig_20260828_192952_0.bag,device_1/rig_20260828_192952_0.bag,batch_device_1_20261007T005914Z_2e5dcccf/captures/rig_20260828_192952_0_c0852c50,red,-29.998996483988577,-30.851635003063134,0.42340347804299017,False,"Common ellipse-normalized H5 phase / 3, modulo 120 degrees; empirical sensor phase.",-30.803711751786693,-30.851635003063134,-0.04792325127644048
rig_20260828_193136_0.bag,device_1/rig_20260828_193136_0.bag,batch_device_1_20261007T005914Z_2e5dcccf/captures/rig_20260828_193136_0_9742e88f,red,59.99930621712798,-32.98389281331875,0.5136925353782004,False,"Common ellipse-normalized H5 phase / 3, modulo 120 degrees; empirical sensor phase.",-33.141030814726015,-32.98389281331875,0.15713800140726875
rig_20260828_193309_0.bag,device_1/rig_20260828_193309_0.bag,batch_device_1_20261007T005914Z_2e5dcccf/captures/rig_20260828_193309_0_4dc5046b,red,-89.9957016121856,-29.354769976728367,0.49528656308126534,False,"Common ellipse-normalized H5 phase / 3, modulo 120 degrees; empirical sensor phase.",-29.245555226597645,-29.354769976728367,-0.10921475013072168
