bag,bag_path,run_id,group,omega_deg_s,phase_delta_deg,phase_period_deg,phase_convention,phase_residual_std_deg,physical_zero_calibrated,convention,phase_delta_mod120_deg
rig_20260828_191635_0.bag,device_1/rig_20260828_191635_0.bag,batch_device_1_20261007T064645Z_f2b206cc/captures/rig_20260828_191635_0_8920ab86,normal,-29.998647614108066,-32.4377733257256,120.0,legacy_h5_over_3,0.3585136116703261,False,"Common H5 / 3, modulo 120 degrees; empirical sensor phase.",-32.4377733257256
rig_20260828_191845_0.bag,device_1/rig_20260828_191845_0.bag,batch_device_1_20261007T064645Z_f2b206cc/captures/rig_20260828_191845_0_fdf142b5,normal,59.99803105623585,-34.59522864739267,120.0,legacy_h5_over_3,0.41448597744913296,False,"Common H5 / 3, modulo 120 degrees; empirical sensor phase.",-34.59522864739267
rig_20260828_192028_0.bag,device_1/rig_20260828_192028_0.bag,batch_device_1_20261007T064645Z_f2b206cc/captures/rig_20260828_192028_0_cb211663,normal,59.99911889440577,-34.89207576076066,120.0,legacy_h5_over_3,0.41291518194162574,False,"Common H5 / 3, modulo 120 degrees; empirical sensor phase.",-34.89207576076066
rig_20260828_192202_0.bag,device_1/rig_20260828_192202_0.bag,batch_device_1_20261007T064645Z_f2b206cc/captures/rig_20260828_192202_0_75bd0dfa,normal,-89.9953830055301,-30.757725832589152,120.0,legacy_h5_over_3,0.4417560964112962,False,"Common H5 / 3, modulo 120 degrees; empirical sensor phase.",-30.757725832589152
rig_20260828_192433_0.bag,device_1/rig_20260828_192433_0.bag,batch_device_1_20261007T064645Z_f2b206cc/captures/rig_20260828_192433_0_19450865,normal,29.99863937530671,-33.627408322627275,120.0,legacy_h5_over_3,0.3773476201838892,False,"Common H5 / 3, modulo 120 degrees; empirical sensor phase.",-33.627408322627275
rig_20260828_192618_0.bag,device_1/rig_20260828_192618_0.bag,batch_device_1_20261007T064645Z_f2b206cc/captures/rig_20260828_192618_0_9f231045,normal,-59.9968379865122,-31.57078663932321,120.0,legacy_h5_over_3,0.4122641194944579,False,"Common H5 / 3, modulo 120 degrees; empirical sensor phase.",-31.57078663932321
rig_20260828_192752_0.bag,device_1/rig_20260828_192752_0.bag,batch_device_1_20261007T064645Z_f2b206cc/captures/rig_20260828_192752_0_08993cb8,normal,89.99661892357156,-35.706944343884544,120.0,legacy_h5_over_3,0.4668629160123463,False,"Common H5 / 3, modulo 120 degrees; empirical sensor phase.",-35.706944343884544
rig_20260828_192952_0.bag,device_1/rig_20260828_192952_0.bag,batch_device_1_20261007T064645Z_f2b206cc/captures/rig_20260828_192952_0_167849ac,red,-29.998996483988577,-30.848709593279246,120.0,legacy_h5_over_3,0.3587137992168383,False,"Common H5 / 3, modulo 120 degrees; empirical sensor phase.",-30.848709593279246
rig_20260828_193136_0.bag,device_1/rig_20260828_193136_0.bag,batch_device_1_20261007T064645Z_f2b206cc/captures/rig_20260828_193136_0_c404477e,red,59.99930621712798,-32.986500814945444,120.0,legacy_h5_over_3,0.4230108122215752,False,"Common H5 / 3, modulo 120 degrees; empirical sensor phase.",-32.986500814945444
rig_20260828_193309_0.bag,device_1/rig_20260828_193309_0.bag,batch_device_1_20261007T064645Z_f2b206cc/captures/rig_20260828_193309_0_64ef9a6f,red,-89.9957016121856,-29.35267924579458,120.0,legacy_h5_over_3,0.4345568346747331,False,"Common H5 / 3, modulo 120 degrees; empirical sensor phase.",-29.35267924579458
