replicate,conditional_tau_ms
0,-151.99999999999997
1,321.00000000000006
2,-406.0
3,326.00000000000006
4,348.0
5,-149.99999999999997
6,326.00000000000006
7,-428.0
8,-106.99999999999999
9,-398.0
10,-404.0
11,-404.0
12,-105.99999999999999
13,272.0
14,-499.0
15,-125.0
16,-151.99999999999997
17,-164.99999999999997
18,-378.0
19,-106.99999999999999
20,-406.0
21,188.00000000000006
22,-404.0
23,-102.99999999999999
24,-133.0
25,325.00000000000006
26,-123.0
27,-405.0
28,325.00000000000006
29,187.00000000000006
30,-122.0
31,-407.0
32,260.0
33,-124.0
34,271.0
35,-127.0
36,224.99999999999997
37,-404.0
38,-126.0
39,-406.0
40,-406.0
41,208.99999999999997
42,-490.0
43,223.99999999999997
44,-104.99999999999999
45,-403.0
46,224.99999999999997
47,-405.0
48,204.99999999999997
49,217.99999999999997
50,326.00000000000006
51,-405.0
52,332.00000000000006
53,347.0
54,-403.0
55,-211.00000000000003
56,-127.0
57,-123.0
58,-389.0
59,-391.0
60,223.99999999999997
61,252.0
62,356.0
63,-13.00000000000001
64,207.99999999999997
65,-471.0
66,-404.0
67,-129.0
68,482.0
69,-405.0
70,-395.0
71,-197.0
72,-147.00000000000003
73,-406.0
74,37.000000000000036
75,326.00000000000006
76,179.00000000000006
77,-404.0
78,-410.00000000000006
79,-121.0
80,274.0
81,175.00000000000006
82,270.0
83,-95.99999999999997
84,251.0
85,-125.0
86,182.00000000000006
87,329.00000000000006
88,-405.0
89,-406.0
90,6.000000000000005
91,-306.0
92,-406.0
93,-407.0
94,271.0
95,-404.0
96,-148.99999999999997
97,224.99999999999997
98,329.00000000000006
99,-147.00000000000003
100,-150.99999999999997
101,325.00000000000006
102,-130.0
103,126.0
104,-180.0
105,256.0
106,-405.0
107,-218.99999999999997
108,224.99999999999997
109,322.00000000000006
110,-148.99999999999997
111,-39.99999999999998
112,-105.99999999999999
113,-123.0
114,-123.0
115,-410.00000000000006
116,-15.000000000000014
117,-127.0
118,-405.0
119,-11.00000000000001
120,-123.0
121,-11.00000000000001
122,-406.0
123,-132.0
124,-130.0
125,-406.0
126,-399.0
127,-127.0
128,-418.0
129,330.00000000000006
130,373.0
131,-192.0
132,-123.0
133,272.0
134,250.0
135,-26.999999999999968
136,13.00000000000001
137,252.0
138,-148.99999999999997
139,-406.0
140,224.99999999999997
141,-406.0
142,271.0
143,225.99999999999997
144,-311.0
145,-403.0
146,252.0
147,351.0
148,-103.99999999999999
149,-406.0
150,329.00000000000006
151,-406.0
152,334.99999999999994
153,325.00000000000006
154,325.00000000000006
155,-149.99999999999997
156,-406.0
157,-21.999999999999964
158,-21.999999999999964
159,-123.0
160,188.00000000000006
161,224.99999999999997
162,34.00000000000003
163,223.99999999999997
164,318.00000000000006
165,249.0
166,-408.00000000000006
167,224.99999999999997
168,223.99999999999997
169,325.00000000000006
170,-105.99999999999999
171,-407.0
172,-109.99999999999999
173,261.0
174,-105.99999999999999
175,-127.0
176,224.99999999999997
177,-15.000000000000014
178,-125.0
179,308.00000000000006
180,210.99999999999997
181,-12.00000000000001
182,270.0
183,-398.0
184,329.00000000000006
185,-404.0
186,-451.0
187,-11.00000000000001
188,-406.0
189,-125.0
190,-405.0
191,325.00000000000006
192,17.000000000000014
193,-405.0
194,-408.00000000000006
195,271.0
196,-123.0
197,-106.99999999999999
198,251.0
199,126.0
200,-124.0
201,-151.99999999999997
202,-127.0
203,-107.99999999999999
204,-406.0
205,20.000000000000018
206,275.0
207,272.0
208,272.0
209,250.0
210,499.0
211,-405.0
212,-408.00000000000006
213,-124.0
214,250.0
215,-383.0
216,-21.999999999999964
217,-23.999999999999964
218,147.00000000000003
219,-306.0
220,-405.0
221,-406.0
222,-409.00000000000006
223,-406.0
224,-123.0
225,224.99999999999997
226,317.00000000000006
227,358.0
228,224.99999999999997
229,-488.0
230,-408.00000000000006
231,250.0
232,224.99999999999997
233,328.00000000000006
234,-406.0
235,325.00000000000006
236,-406.0
237,-22.999999999999964
238,-25.999999999999968
239,194.00000000000006
240,272.0
241,-148.00000000000003
242,-409.00000000000006
243,224.99999999999997
244,251.0
245,-123.0
246,-420.0
247,-407.0
248,-406.0
249,330.00000000000006
250,224.99999999999997
251,-124.0
252,-128.0
253,-18.000000000000014
254,-125.0
255,330.00000000000006
256,-125.0
257,329.00000000000006
258,224.99999999999997
259,-124.0
260,7.000000000000006
261,-109.99999999999999
262,-405.0
263,-412.00000000000006
264,-123.0
265,-405.0
266,-403.0
267,210.99999999999997
268,271.0
269,-404.0
270,-406.0
271,-394.0
272,-406.0
273,260.0
274,-411.00000000000006
275,349.0
276,250.0
277,-404.0
278,-408.00000000000006
279,-105.99999999999999
280,-406.0
281,273.0
282,262.0
283,328.00000000000006
284,126.0
285,-404.0
286,-39.99999999999998
287,-124.0
288,-131.0
289,273.0
290,-126.0
291,-406.0
292,-405.0
293,179.00000000000006
294,493.0
295,-123.0
296,-405.0
297,-447.0
298,-393.0
299,20.000000000000018
