frame,bag_stamp_s,header_device_stamp_s,relative_angle_deg,relative_wrapped_angle_deg,offline_smoothed_relative_angle_deg,batch_relative_angle_deg,canonical_harmonic_phase_deg,heldout_phase_deg,heldout_smoothed_phase_deg,near_return_count,noise_proxy_sigma_deg,status
0,1787909393.3295155,7053.19982131,0.0,0.0,0.0,0.0,5.366997058866562,0.36170346016295335,-0.12265501016531791,674,0.26539078713152936,relative_registered
1,1787909393.4288607,7053.29965439,-3.5778817491305754,356.4221182508694,-3.0103819223004114,-2.980491484860219,1.7891153097359864,-3.2797838415459823,-3.1358034717093766,630,0.2973744754584356,relative_registered
2,1787909393.5286977,7053.39949687,-6.650468566676077,353.34953143332393,-6.0207063753427,-5.9757393652942215,-1.283471507809515,-6.479900767693691,-6.148636947696084,665,0.31072728162866914,relative_registered
3,1787909393.6285858,7053.49932529,-9.818425957269838,350.1815740427302,-9.030973359126865,-8.972517962477031,-4.451428898403275,-9.85601546835904,-9.161155438125437,648,0.3804932828448329,relative_registered
4,1787909393.7284186,7053.59997389,-11.915910326339374,348.0840896736606,-12.04118287365291,-11.967637091034966,-6.548913267472811,-11.839875097863986,-12.17335894299744,634,0.2981263816495459,relative_registered
5,1787909393.8288743,7053.69982029,-14.89537351668589,345.1046264833141,-15.05133491892083,-14.98144670026876,-9.528376457819327,-14.913714942657233,-15.18524746231209,625,0.35009166452071366,relative_registered
6,1787909393.928884,7053.79966455,-18.769672485162385,341.2303275148376,-18.061429494930625,-17.981873267273496,-13.402675426295822,-18.644179511168733,-18.19682099606939,628,0.3705349071332053,relative_registered
7,1787909394.0282784,7053.89951497,-21.342082455098577,338.6579175449014,-21.0714666016823,-20.96383824582649,-15.975085396232014,-20.832425166835122,-21.208079544269335,626,0.3398475956369971,relative_registered
8,1787909394.1283557,7053.99934993,-24.26135303396083,335.73864696603914,-24.08144623917585,-23.966296231320296,-18.894355975094268,-24.062236456306593,-24.219023106911926,625,0.22010044295786618,relative_registered
9,1787909394.2284632,7054.09999197,-27.11828932704591,332.8817106729541,-27.091368407411277,-26.969655479946578,-21.75129226817935,-26.85865123267859,-27.22965168399717,641,0.31795891594310105,relative_registered
10,1787909394.328538,7054.19983353,-30.39516102381746,329.6048389761825,-30.101233106388133,-29.972034783738344,-25.0281639649509,-30.150977762485972,-30.239965275524597,631,0.24061829723030004,relative_registered
11,1787909394.4287992,7054.29967719,-33.66894563698137,326.3310543630186,-33.098423143219485,-32.98000764125706,-28.301948578114807,-33.40555224295644,-33.23309460524555,673,0.29650972622025407,relative_registered
12,1787909394.528613,7054.39952339,-36.75945117060006,323.2405488293999,-36.105064701583316,-35.974561692136696,-31.392454111733496,-36.57409677843799,-36.22352386426934,604,0.3055292513716688,relative_registered
13,1787909394.6289918,7054.49936019,-39.58550906917144,320.41449093082855,-39.11979356598888,-38.98606092048327,-34.21851201030488,-39.480827854247636,-39.219603862169194,604,0.3201081534532526,relative_registered
14,1787909394.7292643,7054.59999341,-42.254149728187954,317.74585027181206,-42.14468475981212,-41.994369963456165,-36.887152669321395,-42.04407715956745,-42.2488043624662,595,0.2941464612751023,relative_registered
15,1787909394.829008,7054.69981801,-45.14077232803188,314.85922767196814,-45.1851530049979,-44.98682106702669,-39.77377526916531,-44.959373509786346,-45.29676662889763,622,0.33158011876625987,relative_registered
16,1787909394.9291382,7054.79965095,-48.75810709071772,311.2418929092823,-48.15043744096265,-47.99085983944333,-43.391110031851156,-48.5891517425436,-48.26774934137857,589,0.3047431831533377,relative_registered
17,1787909395.0288649,7054.89949223,-51.685327271954485,308.31467272804554,-51.19161462293687,-50.982795935509586,-46.31833021308792,-51.44638007398947,-51.320882634691806,577,0.3759915886180089,relative_registered
18,1787909395.1288056,7054.99932657,-54.40708341511831,305.59291658488166,-54.210587020323246,-53.98115531961523,-49.04008635625175,-54.14984299901338,-54.334092998964195,553,0.2789789335983485,relative_registered
19,1787909395.2302067,7055.09996243,-57.640389727892696,302.3596102721073,-57.2116121144504,-57.02332610599399,-52.27339266902614,-57.7366690795994,-57.349162071335684,581,0.3724469425173281,relative_registered
20,1787909395.32874,7055.19980411,-60.33946767084253,299.6605323291575,-60.21282953726598,-59.97945487474935,-54.972470611975965,-59.975973118871856,-60.350585141003585,584,0.3056653093671804,relative_registered
21,1787909395.4289308,7055.29964601,-63.23048827520951,296.7695117247905,-63.25662811518835,-62.985317632076956,-57.86349121634295,-63.31223712379951,-63.858924313285755,575,0.23011945359887911,relative_registered
22,1787909395.5289223,7055.39949059,-66.59681183678987,293.40318816321013,-66.30918375383709,-65.98520058004941,-61.22981477792331,-66.94620700844088,-66.96407537424781,611,0.3241659106522509,relative_registered
23,1787909395.628953,7055.49934151,-69.75064411659685,290.24935588340315,-69.31287915764352,-68.98625660067047,-64.38364705773029,-70.12568129729145,-69.99805954632079,601,0.31424519762456,relative_registered
24,1787909395.7298517,7055.59999879,-73.1544590360361,286.8455409639639,-72.30515726979145,-72.01335626466728,-67.78746197716954,-73.09206960527499,-73.00748943026736,622,0.3698720712904324,relative_registered
25,1787909395.83407,7055.69983207,-75.06506678235125,284.93493321764873,-75.24630221492613,-75.14004550480261,-69.69806972348469,-75.24921442137529,-75.93046308378135,542,0.37231693402079263,relative_registered
26,1787909395.9306324,7055.80047333,-78.79100631084701,281.208993689153,-78.2043549506608,-78.03704855091479,-73.42400925198045,-79.35032860667974,-78.8684214329565,598,0.23108771578158716,relative_registered
27,1787909396.0305529,7055.90031609,-81.63941630630524,278.36058369369476,-81.10642707853631,-81.03479994005012,-76.27241924743868,-82.17412004150088,-81.74898650542684,627,0.2864508371725175,relative_registered
28,1787909396.1300507,7056.00015597,-84.59277358539946,275.40722641460053,-84.05032506917411,-84.01986926939274,-79.2257765265329,-85.39862429450734,-84.64720710033144,574,0.37962188417201637,relative_registered
29,1787909396.2301922,7056.09999533,-87.7239585985553,272.2760414014447,-87.00976686933059,-87.02425138014557,-82.35696153968874,-88.13796137613488,-87.58793145372869,602,0.30051723492519367,relative_registered
30,1787909396.3293126,7056.19982769,-90.43396457377929,269.5660354262207,-89.98657754009751,-89.99799769727623,-85.06696751491273,-90.65759059760546,-90.55272129374112,623,0.3568829451824644,relative_registered
31,1787909396.429163,7056.29966017,-92.77909883618882,267.22090116381116,-92.91263423846524,-92.99364613910244,-87.41210177732226,-93.02102365616065,-93.45272995542183,574,0.33659762512936076,relative_registered
32,1787909396.5285294,7056.39949165,-95.52825132798046,264.47174867201954,-95.8322410148585,-95.974774230461,-90.1612542691139,-95.39987629576528,-96.32628253521573,635,0.3696117555534838,relative_registered
33,1787909396.628938,7056.49932363,-99.09308580983314,260.90691419016684,-98.83022316434194,-98.98716756905804,-93.72608875096658,-98.98931075438772,-99.28970221413782,614,0.3732621390189387,relative_registered
34,1787909396.730438,7056.59995827,-102.00265037800084,257.99734962199915,-101.8274296868773,-102.03230680146837,-96.63565331913428,-101.81152256050936,-102.2745528748301,600,0.3668207805987868,relative_registered
35,1787909396.828758,7056.69978789,-105.24035910121125,254.75964089878875,-104.82668771717303,-104.98204089371237,-99.8733620423447,-105.3194527941431,-105.23008292637228,588,0.3151009547764847,relative_registered
36,1787909396.9291775,7056.79962061,-107.55602289888405,252.44397710111593,-107.79476926893565,-107.99476326488158,-102.1890258400175,-107.73894019065656,-108.1883195806046,582,0.3173547181681455,relative_registered
37,1787909397.0288463,7056.89946137,-111.89934595890509,248.1006540410949,-110.81273622124671,-110.98496121062092,-106.53234890003853,-111.89444494847672,-111.2299447989487,586,0.32837187200618145,relative_registered
38,1787909397.129061,7056.99930319,-114.57480389957912,245.42519610042086,-113.8479868556482,-113.9915392561489,-109.20780684071256,-114.70186631773784,-114.29144003234094,522,0.28108366207014407,relative_registered
39,1787909397.2308617,7057.09993327,-117.15128618462846,242.84871381537153,-116.90459357836332,-117.04569827276597,-111.7842891257619,-117.43227150468054,-117.37696487875623,525,0.2511891102978167,relative_registered
40,1787909397.3289697,7057.19978081,-120.10483275155005,239.89516724844995,-119.96606698155165,-119.98907345290861,-114.73783569268349,-120.43983831435972,-120.4782653287024,521,0.3710964161647237,relative_registered
41,1787909397.4287484,7057.29962727,-123.56081129991315,236.43918870008685,-123.02293264305138,-122.9825688772517,-118.1938142410466,-123.6080427934998,-123.12526760852367,536,0.3811799031868487,relative_registered
42,1787909397.5290248,7057.39945853,-126.61630785762735,233.38369214237264,-126.047009278648,-125.99099951921865,-121.24931079876079,-126.50313528247524,-126.15363160618296,474,0.2524970170534935,relative_registered
43,1787909397.628935,7057.49931963,-128.8661268994492,231.1338731005508,-129.01303039392067,-128.9884433344278,-123.49912984058264,-128.71220358142133,-129.14384314214658,492,0.2235492287049194,relative_registered
44,1787909397.730113,7057.59996499,-131.99592920488666,228.00407079511334,-132.0085930643183,-132.02391902325104,-126.6289321460201,-131.76686887853188,-132.14934533870743,481,0.2567530056519113,relative_registered
45,1787909397.828938,7057.69979973,-135.69693492572236,224.30306507427764,-134.99588834322972,-134.98880291957903,-130.3299378668558,-135.39663534504083,-135.15609150458667,460,0.32086834979701817,relative_registered
46,1787909397.92907,7057.79965669,-138.287418065397,221.712581934603,-137.95017115521125,-137.99289891505168,-132.92042100653043,-138.11746713575687,-138.10934464406967,475,0.2886381503834611,relative_registered
47,1787909398.0289419,7057.89950997,-141.4244176610365,218.5755823389635,-140.8899903854404,-140.98919111625824,-136.05742060216994,-141.3461223342182,-141.05031167981528,456,0.28531041005516333,relative_registered
48,1787909398.1289825,7057.99933627,-144.27957515244748,215.72042484755252,-143.9447451713886,-143.99054755792346,-138.91257809358092,-144.14137671662903,-144.100976788792,420,0.30467143574929145,relative_registered
49,1787909398.2287867,7058.09997349,-147.07029379769816,212.92970620230184,-146.99337354138652,-146.98480834064097,-141.7032967388316,-146.95531071487397,-147.1331936481347,495,0.3251927818940608,relative_registered
50,1787909398.328996,7058.19982603,-150.31641784130065,209.68358215869935,-149.9548024101853,-149.99122186988285,-144.9494207824341,-149.90596565114987,-150.06648695311472,452,0.24211118937151296,relative_registered
51,1787909398.428759,7058.29966779,-153.30774481739368,206.69225518260632,-152.90868652414616,-152.9842523568957,-147.94074775852712,-153.11754479444062,-152.9858747972885,447,0.22311782351179235,relative_registered
52,1787909398.529031,7058.39951723,-156.03827713341377,203.96172286658623,-155.88098956185289,-155.99254709410457,-150.6712800745472,-155.75555376650533,-155.97051764973145,444,0.24563491633281528,relative_registered
53,1787909398.6290336,7058.49935327,-159.29016877987712,200.70983122012288,-158.96855166467245,-158.9927590746492,-153.92317172101056,-159.15435267058646,-159.0492265863689,430,0.25333746302670923,relative_registered
54,1787909398.7302945,7058.59997915,-162.24766999041225,197.75233000958775,-161.96275256464241,-162.0307239664097,-156.8806729315457,-162.0236733403397,-162.0393080990489,423,0.31708310121284006,relative_registered
55,1787909398.829025,7058.69982099,-165.13559504540098,194.86440495459902,-164.93961908216488,-164.99277532146422,-159.76859798653442,-164.82177100126572,-165.00604772941824,422,0.28428918281960086,relative_registered
56,1787909398.9290428,7058.79966155,-168.86369516665448,191.13630483334552,-167.95057773505815,-167.9934450864571,-163.49669810778792,-168.6065529915271,-167.99314295480295,409,0.27208327278704825,relative_registered
57,1787909399.0289743,7058.89949635,-171.32835159672706,188.67164840327294,-170.91554414462473,-170.99152550816459,-165.9613545378605,-170.91920833042516,-170.93300881069322,418,0.23761436041911171,relative_registered
58,1787909399.129323,7058.99932729,-173.9568228327517,186.0431771672483,-173.91360469414317,-174.00212347337867,-168.58982577388514,-173.58299641406253,-173.93338672775275,425,0.284315967411116,relative_registered
59,1787909399.2303522,7059.09996863,-176.7107995117177,183.2892004882823,-176.91048881641606,-177.03313576383155,-171.34380245285115,-176.3883958866204,-176.9353437926828,435,0.29891008692415894,relative_registered
60,1787909399.3290055,7059.19979435,-180.45551283258325,179.54448716741675,-179.8889503444043,-179.9928695851168,-175.0885157737167,-180.27562060301503,-179.9055189413152,463,0.2805262413341364,relative_registered
61,1787909399.4288578,7059.29962325,-183.56332056759518,176.43667943240482,-182.93499043820282,-182.98857524999906,-178.19632350872863,-183.3002284760342,-182.69641189782058,475,0.29204869097435643,relative_registered
62,1787909399.5290933,7059.39947223,-187.02847132970032,172.97152867029968,-185.9561513277666,-185.99577559626135,-181.66147427083376,-186.83481011457454,-185.7377301770166,512,0.35344016116146454,relative_registered
63,1787909399.6288447,7059.49931905,-188.65312475519886,171.34687524480114,-188.96598057645397,-188.988455592056,-183.2861276963323,-188.29207629717845,-188.76595662772507,476,0.28063176275141494,relative_registered
64,1787909399.730433,7059.59994883,-191.95526347059632,168.04473652940368,-191.98124200438937,-192.03624139080773,-186.58826641172976,-191.32513113430832,-191.80920533089278,505,0.3112813609310471,relative_registered
65,1787909399.8289816,7059.69978077,-195.0373643844986,164.9626356155014,-195.01999426942092,-194.99283509689334,-189.67036732563204,-194.34312475715797,-194.85479786603247,481,0.2713950155439641,relative_registered
66,1787909399.9290092,7059.79962603,-198.24913729184098,161.75086270815902,-198.01190924338408,-197.99379813004836,-192.88214023297442,-197.45181611890155,-197.82592875646455,550,0.3129712164864101,relative_registered
67,1787909400.0297484,7059.89946189,-201.68777344089548,158.31222655910452,-201.12461102156223,-201.01611251598464,-196.32077638202892,-201.09645284150963,-200.92268324834322,491,0.2983897937893459,relative_registered
68,1787909400.1287103,7059.99928287,-204.58820647274948,155.41179352725052,-204.21063056483433,-203.9851021665828,-199.22120941388292,-203.92432556061198,-204.0129050625747,518,0.3227786342787083,relative_registered
69,1787909400.2288976,7060.09991379,-207.66020548155984,152.33979451844016,-207.21417290277256,-206.99085763068032,-202.29320842269328,-207.19014482026938,-206.99927182325462,506,0.32610312219687493,relative_registered
70,1787909400.3292964,7060.19975815,-210.86972514922698,149.13027485077302,-210.18439339127937,-210.00295770111524,-205.50272809036042,-210.4294944124971,-209.96271251273382,554,0.3315988165433547,relative_registered
71,1787909400.4287677,7060.29960337,-213.2292158727753,146.7707841272247,-213.1707885716573,-212.98723306055544,-207.86221881390875,-212.69421707294296,-212.94705739092194,531,0.2749870685572466,relative_registered
72,1787909400.5292828,7060.39944581,-216.59435512364047,143.40564487635953,-216.15185932783774,-216.00282373740816,-211.2273580647739,-216.00515974208585,-215.90398611057506,501,0.29612218864127204,relative_registered
73,1787909400.6292727,7060.49967191,-219.4983337211445,140.5016662788555,-219.22476693481568,-219.0026566152066,-214.13133666227793,-218.967866192346,-218.99586259917834,510,0.3526892201006683,relative_registered
74,1787909400.7288854,7060.59951971,-222.69259143843712,137.30740856156288,-222.12976707386295,-221.99117363367506,-217.32559437957056,-222.2215132914723,-221.8987080832672,540,0.30639224627354256,relative_registered
75,1787909400.829112,7060.69935151,-225.33906121383265,134.66093878616735,-225.03298789367696,-224.99810932330323,-219.9720641549661,-224.76740308161274,-224.79507549725793,552,0.32504692804772484,relative_registered
76,1787909400.9310083,7060.79999141,-228.8828044770225,131.1171955229775,-227.97978299612956,-228.05513664560382,-223.51580741815593,-228.50980649484035,-227.72280840812476,531,0.32902819303739184,relative_registered
77,1787909401.044981,7060.89983089,-231.00537399699533,128.99462600300467,-230.9667658968446,-231.47447174715953,-225.63837693812877,-230.51786298681753,-230.66603733129313,536,0.3637941301592569,relative_registered
78,1787909401.1310182,7060.99968793,-233.68525846393098,126.31474153606902,-233.92285975288834,-234.05570366433312,-228.31826140506442,-232.9507515384592,-233.63217039092405,514,0.4451601037548877,relative_registered
79,1787909401.229304,7061.09952389,-237.13998168230023,122.86001831769977,-236.8977218629089,-237.00441489445058,-231.77298462343367,-236.38548434173367,-236.58104645208346,628,0.38187404239237155,relative_registered
80,1787909401.3290582,7061.19937049,-239.95831365951378,120.04168634048622,-239.91932944538954,-239.9971735719473,-234.59131660064722,-238.98956171006088,-239.57203370737398,572,0.40993725920075297,relative_registered
81,1787909401.428776,7061.29962089,-243.21319920830837,116.78680079169163,-242.91540731422404,-242.9888450113794,-237.8462021494418,-241.8235287068268,-242.21054008362836,575,0.37685529608037527,relative_registered
82,1787909401.5288813,7061.39948529,-246.45265125953404,113.54734874046596,-245.90731245073803,-245.99213988406763,-241.08565420066748,-245.63231221068983,-245.30843045839333,607,0.376274424945029,relative_registered
83,1787909401.629739,7061.49932667,-248.75046182481455,111.24953817518545,-248.97201844533467,-249.0180092523598,-243.383464765948,-247.782028341593,-248.46841834956314,634,0.367700145770755,relative_registered
84,1787909401.7303262,7061.59997033,-252.65336970302164,107.34663029697836,-251.92868829091097,-252.03576009957766,-247.28637264415508,-251.96286611640085,-251.5314918517512,606,0.3205023758105971,relative_registered
85,1787909401.8304918,7061.69979361,-255.94336191197473,104.05663808802527,-254.88233220871933,-255.04086465141287,-250.57636485310817,-255.4735184152116,-254.54484734872634,590,0.39439419550413,relative_registered
86,1787909401.9294379,7061.79963303,-258.3726854735852,101.6273145264148,-257.8580578445337,-258.00938221179877,-253.00568841471863,-257.9629232800596,-257.55411275653245,618,0.4262629470454144,relative_registered
87,1787909402.0290082,7061.89947039,-260.75227268977994,99.24772731022006,-260.89303352614087,-260.99662601727056,-255.38527563091338,-260.0576159459928,-260.61272965770326,599,0.5036278237786777,relative_registered
88,1787909402.1289523,7061.99931361,-264.5476480711157,95.4523519288843,-263.8761675692279,-263.9950855417242,-259.18065101224914,-264.46501757510765,-263.586456048062,655,0.4866349227548031,relative_registered
89,1787909402.2290757,7062.09994939,-267.35195168330955,92.64804831669045,-266.83970118991067,-266.9989240334448,-261.984954624443,-267.0242075386303,-266.517613135788,619,0.4896893653734897,relative_registered
90,1787909402.329298,7062.19977557,-269.7652014581884,90.23479854181159,-269.8315241193836,-270.0057309711969,-264.39820439932186,-269.59955420985125,-269.4507002160627,624,0.5386270617970841,relative_registered
91,1787909402.4294927,7062.29962537,-273.42960128373664,86.57039871626336,-272.7925146186948,-273.01170817463657,-268.0626042248701,-272.4843066213081,-272.34177558627357,618,0.5025637880123618,relative_registered
92,1787909402.5288262,7062.39945819,-275.9023273723872,84.09767262761278,-275.7608351456655,-275.9918491682786,-270.53533031352066,-274.5440125585133,-275.19622337974045,696,0.5500302306557318,relative_registered
93,1787909402.630523,7062.49929797,-277.92328989835465,82.07671010164535,-278.87155017178475,-279.042889528342,-272.5562928394881,-276.62018078605263,-278.2218602926927,676,0.416171596695079,relative_registered
94,1787909402.728789,7062.59993999,-282.1556641390608,77.84433586093922,-281.7664604412031,-281.99100706925316,-276.7886670801942,-280.68326194617333,-280.99573081947545,675,0.38455242766760167,relative_registered
95,1787909402.829282,7062.69977907,-285.69584255569566,74.30415744430434,-284.7588187452846,-285.00593252807954,-280.3288454968291,-284.5128200732002,-283.8679323838351,645,0.39436070372684207,relative_registered
96,1787909402.930375,7062.79961985,-288.3535035600698,71.64649643993022,-287.8696049623324,-288.03886179090944,-282.9865065012032,-287.0613139844253,-286.9545792974973,722,0.45239648852462605,relative_registered
97,1787909403.029737,7062.89946255,-291.36636267172406,68.63363732827594,-290.9635431900252,-291.0198539775099,-285.9993656128575,-289.9799753085644,-290.0435661801856,662,0.3817898063931076,relative_registered
98,1787909403.1296635,7062.99930909,-294.444678956462,65.55532104353802,-293.9375433006524,-294.0177841886953,-289.0776818975954,-293.45116866112323,-293.00625039395356,700,0.4109509676677114,relative_registered
99,1787909403.2300246,7063.09993349,-297.32938708425814,62.670612915741856,-296.9976824844357,-297.0287541037736,-291.9623900253916,-296.2032451875347,-296.1199991601356,657,0.40334561125116597,relative_registered
100,1787909403.3291886,7063.19977503,-300.3029942992812,59.69700570071882,-300.06708233926423,-300.003809398311,-294.9359972404146,-299.16861410555197,-299.2394133660817,706,0.4645728157621066,relative_registered
101,1787909403.4294736,7063.29958833,-303.56054295424974,56.43945704575026,-303.1066596551195,-303.01249754403005,-298.1935458953832,-302.9635611932578,-303.0163883786673,664,0.4604424133798868,relative_registered
102,1787909403.529681,7063.39943767,-306.8513957069576,53.14860429304241,-306.13978736604554,-306.0188538502159,-301.48439864809103,-306.78646500506096,-306.07744741187764,664,0.3625394558335662,relative_registered
103,1787909403.6295621,7063.49967049,-307.9989659629234,52.00103403707658,-309.08978153858266,-309.0154250138206,-302.63196890405686,-307.3945581491061,-309.0748700556119,634,0.3588014287861172,relative_registered
104,1787909403.7292988,7063.59951845,-313.12906644546285,46.870933554537146,-311.99872012633216,-312.00766153093105,-307.7620693865963,-312.9935650774214,-311.99973338780444,691,0.36179947972925036,relative_registered
105,1787909403.8295083,7063.69936373,-316.04227326367004,43.95772673632996,-314.9840337352745,-315.0140822130549,-310.6752762048035,-315.9386138983027,-315.0125192000027,696,0.41403127987630944,relative_registered
106,1787909403.9308019,7063.79999167,-318.0692861349416,41.93071386505841,-318.0328666476113,-318.05302704965,-312.70228907607503,-317.44136221528413,-318.0852320583804,656,0.4455597490643439,relative_registered
107,1787909404.029715,7063.89982561,-320.7588178935117,39.24118210648828,-321.05671832773226,-321.0205575123194,-315.39182083464516,-320.1524492935663,-321.10337465484514,675,0.3545417456355334,relative_registered
108,1787909404.1291306,7063.99966571,-324.7070862237288,35.29291377627118,-324.0465184837784,-324.0031590973707,-319.34008916486226,-324.68181358325415,-324.0877927638703,664,0.34537519365304487,relative_registered
109,1787909404.229425,7064.09950101,-327.3994721312834,32.6005278687166,-327.0440709170003,-327.01212620548796,-322.03247507241684,-327.0920700173693,-327.1067113561469,688,0.2937781091232407,relative_registered
110,1787909404.329111,7064.19934891,-330.1756704277596,29.8243295722404,-330.0344398082283,-330.00284631161355,-324.80867336889304,-330.0141137779316,-330.09422576729185,673,0.3140279540509539,relative_registered
111,1787909404.429908,7064.29998483,-332.77257160911023,27.22742839088977,-333.0451783763398,-333.02689169499473,-327.40557455024367,-332.6987878784038,-333.10937153372566,654,0.34791091276570413,relative_registered
112,1787909404.5298772,7064.39982967,-336.3625240047229,23.6374759952771,-336.03848870267916,-336.02610227205884,-330.99552694585634,-336.1688144321897,-336.07624948065074,684,0.31704584615353715,relative_registered
113,1787909404.6295667,7064.49967751,-340.1750024651399,19.824997534860074,-339.0672955519389,-339.0169225185325,-334.80800540627337,-340.0237702681547,-339.1162686691916,732,0.316462976491965,relative_registered
114,1787909404.7295787,7064.59952195,-342.6062910036739,17.393708996326097,-341.9247607038772,-342.01742061435726,-337.23929394480734,-342.17186037080154,-341.95256770897925,680,0.27269051609027595,relative_registered
115,1787909404.8292253,7064.69935949,-345.4573793099995,14.54262069000049,-344.95570388527653,-345.0069533420703,-340.09038225113295,-345.00187480342134,-345.00603127209223,694,0.28471429471931753,relative_registered
116,1787909404.9300597,7064.79960361,-348.06885363405337,11.931146365946631,-348.0367169960962,-348.03212172792604,-342.7018565751868,-347.6935141976946,-348.1164938607464,693,0.32666650396436414,relative_registered
117,1787909405.0295074,7064.89943327,-350.9688762600704,9.031123739929626,-351.03048900459294,-351.01568895204787,-345.6018792012038,-350.7460442034879,-351.08726986587,682,0.35792913656079944,relative_registered
118,1787909405.129137,7064.99966583,-354.35535359133655,5.644646408663448,-353.9702667038487,-354.0047138251386,-348.98835653247,-354.1187680119827,-354.00613144701464,703,0.24066305638502497,relative_registered
119,1787909405.2301567,7065.09951723,-357.34550793462626,2.654492065373745,-356.9769303319439,-357.0354400003113,-351.9785108757597,-356.84924055345084,-357.02655072690465,717,0.29818986660859376,relative_registered
120,1787909405.3418412,7065.19935825,-360.33819997198,359.66180002802,-359.99608790206423,-360.3861288932768,-354.9712029131134,-360.11588742073184,-360.1148059317864,648,0.2418453797368829,relative_registered
121,1787909405.431806,7065.29960567,-362.90568581045903,357.09431418954097,-362.99592997792297,-363.0851973885806,-357.5386887515925,-362.46371476720117,-363.1186151672854,634,0.3325188243377171,relative_registered
122,1787909405.5297477,7065.39944107,-366.34907531033167,353.65092468966833,-365.96756098944707,-366.0235798570846,-360.9820782514651,-366.3991920477539,-366.05756410461555,692,0.28436676687165474,relative_registered
123,1787909405.6292086,7065.49928503,-369.34222070774643,350.65777929225357,-368.9544864382413,-369.00754048971663,-363.9752236488799,-369.04247962768443,-369.0283881711567,621,0.31586971447300655,relative_registered
124,1787909405.7301338,7065.59990427,-372.7803000371691,347.2196999628309,-372.07286389005367,-372.03543412361586,-367.41330297830257,-372.74211681753786,-372.22547654010697,627,0.27278606627105006,relative_registered
125,1787909405.8298037,7065.69973823,-375.5052487468854,344.4947512531146,-375.10791078850923,-375.0256678337652,-370.13825168801884,-374.9857306837824,-375.2458126198893,610,0.3078838773328646,relative_registered
126,1787909405.930086,7065.79956575,-378.0352329469051,341.9647670530949,-378.1117971159691,-378.0342701449003,-372.66823588803857,-377.85066187069805,-378.2945156499052,690,0.348018745304768,relative_registered
127,1787909406.0295603,7065.89941459,-381.3082018067424,338.6917981932576,-381.086314150146,-381.01863849180654,-375.9412047478758,-381.1764593915376,-381.31870069628263,633,0.28234929475395515,relative_registered
128,1787909406.1291823,7065.99966107,-384.6119437537493,335.3880562462507,-384.06557512063773,-384.00743447267314,-379.24494669488274,-384.4069377429123,-384.38685132495834,647,0.2710542296506674,relative_registered
129,1787909406.2292516,7066.09949971,-387.7308969637391,332.2691030362609,-387.0848581888528,-387.00964926017883,-382.36389990487254,-388.0171790480013,-387.50418706334796,617,0.2643929282384358,relative_registered
130,1787909406.3291721,7066.19933309,-390.4497431171826,329.5502568828174,-390.07903924231437,-390.00740064931415,-385.08274605831605,-390.812132247751,-390.57610804291323,617,0.2778860724991207,relative_registered
131,1787909406.4302943,7066.29997553,-393.50843688167936,326.49156311832064,-393.0953852571335,-393.04120256374847,-388.1414398228128,-393.6259635992286,-393.64281648452464,609,0.2526887267152997,relative_registered
132,1787909406.5300162,7066.39980375,-396.3160285815073,323.6839714184927,-396.04828985600574,-396.03299560217465,-390.9490315226407,-396.6982068998261,-396.63486727764,601,0.28769875787736193,relative_registered
133,1787909406.63,7066.49965767,-399.550731325354,320.449268674646,-399.04530605596847,-399.032649657923,-394.1837342664874,-400.1353799401252,-399.68855968783186,612,0.3451697491606483,relative_registered
134,1787909406.7296343,7066.59949551,-401.56203007329,318.43796992671,-402.01141362728674,-402.0218104357718,-396.1950330144234,-401.4053201981378,-402.67898312417515,591,0.39333667584688653,relative_registered
135,1787909406.8290854,7066.69932801,-405.1723800043089,314.8276199956911,-405.05097932657964,-405.0054778002417,-399.8053829454423,-405.73448044805644,-405.74656645928974,637,0.3617928928697284,relative_registered
136,1787909406.930477,7066.79996113,-408.5779808661135,311.4220191338865,-408.0877789246578,-408.0473624713403,-403.2109838072469,-409.01823881917505,-408.7950459476996,598,0.2751310964000502,relative_registered
137,1787909407.0289884,7066.89980961,-411.7153558183455,308.2846441816545,-411.09306428372497,-411.0028403278333,-406.3483587594789,-412.44404834177857,-411.81502993170534,561,0.31825035333423496,relative_registered
138,1787909407.129147,7066.99963965,-414.51618757857636,305.48381242142364,-414.07059774475636,-414.0077374460904,-409.1491905197098,-414.9202633042496,-414.78533536915,608,0.2498181880392564,relative_registered
139,1787909407.2293286,7067.09947773,-417.2553947789976,302.7446052210024,-417.1011205740256,-417.01332124101987,-411.888397720131,-417.4393634056037,-417.7787607979326,581,0.32309766298454606,relative_registered
140,1787909407.3294768,7067.19932011,-420.6029410398559,299.3970589601441,-420.1560910681273,-420.0179036324688,-415.23594398098936,-420.5821967377296,-420.8343647557051,612,0.2349762802457387,relative_registered
141,1787909407.4300718,7067.29995183,-423.30133499674685,296.69866500325315,-423.1521250951384,-423.03589052479276,-417.9343379378803,-423.113446612796,-423.3657057507022,609,0.2696678490104002,relative_registered
142,1787909407.5295548,7067.39979633,-426.65730600880056,293.34269399119944,-426.17250198685304,-426.02051637545117,-421.290308949934,-426.3816964852957,-426.42033928572977,598,0.2639647255221727,relative_registered
143,1787909407.6299832,7067.49962979,-429.4120577152976,290.5879422847024,-429.20520228495195,-429.03350340325454,-424.045060656431,-429.5209807241649,-429.4719422544413,620,0.31073630342212333,relative_registered
144,1787909407.7297328,7067.59947019,-432.900110667995,287.099889332005,-432.2389216852945,-432.02612617599317,-427.53311360912846,-432.803113835627,-432.53980569682255,552,0.2912144242586777,relative_registered
145,1787909407.829685,7067.69929925,-435.50214481306364,284.49785518693636,-435.1556114681289,-435.024828898435,-430.1351477541971,-435.68629581772973,-435.46261020856,584,0.28276597816481125,relative_registered
146,1787909407.930449,7067.79993291,-438.35762535060974,281.64237464939026,-438.11371308682516,-438.04788718409964,-432.9906282917432,-438.5496959455742,-438.4124217096866,558,0.29207527768535535,relative_registered
147,1787909408.0296123,7067.89977265,-441.16370035463586,278.83629964536414,-441.1207606747331,-441.022921019991,-435.7967032957693,-441.0053264200082,-441.4067700102951,628,0.25533861230370153,relative_registered
148,1787909408.1292121,7067.99960993,-444.68647891079144,275.31352108920856,-444.107683880471,-444.01105178283126,-439.3194818519249,-444.72378996554437,-444.3912508078281,627,0.2817958469982065,relative_registered
149,1787909408.229105,7068.09944781,-447.2810501345873,272.7189498654127,-447.0579803421982,-447.00797343765413,-441.91405307572074,-447.10759116227433,-447.30823026899736,589,0.2873220336345845,relative_registered
150,1787909408.3296604,7068.19929423,-450.04485643689594,269.95514356310406,-449.96288063874675,-450.0247729515655,-444.6778593780294,-449.9195258012205,-450.16304583756187,622,0.24881362272787808,relative_registered
151,1787909408.4301476,7068.29994071,-453.62265493807314,266.37734506192686,-452.93015230924823,-453.03952674122377,-448.2556578792066,-453.54913236117795,-453.0710845884878,680,0.3623651096992974,relative_registered
152,1787909408.529145,7068.39979903,-456.43124311888835,263.56875688111165,-455.8916112469524,-456.0095821712405,-451.0642460600218,-456.1366964809937,-455.97400449198494,611,0.3130663783952437,relative_registered
153,1787909408.6293118,7068.49964357,-458.9725792238911,261.0274207761089,-458.8426736828487,-459.01472248748576,-453.60558216502454,-458.7999342405735,-458.8635410476349,621,0.31709384466289886,relative_registered
154,1787909408.7290227,7068.59948207,-462.02581256631106,257.97418743368894,-461.79534028277243,-462.0061864933397,-456.6588155074445,-461.48536792746467,-461.7837994881477,613,0.21768857729306018,relative_registered
155,1787909408.829393,7068.69931181,-465.4236892274336,254.5763107725664,-464.80968355833056,-465.0174282179342,-460.05669216856705,-464.9981278504777,-464.75297158409563,602,0.2154484780757505,relative_registered
156,1787909408.9308903,7068.79994493,-468.15497259663493,251.84502740336507,-467.8047127579655,-468.0624887686425,-462.7879755377684,-467.79062591283656,-467.72420268296423,554,0.3860351905356955,relative_registered
157,1787909409.0291462,7068.89977935,-470.6317993201045,249.3682006798955,-470.82157981346495,-471.01029873562743,-465.26480226123795,-470.1848000539541,-470.7388289218302,558,0.26657659311760906,relative_registered
158,1787909409.12953,7068.99961313,-473.8944305216368,246.10556947836318,-473.86126610878375,-474.0219481744961,-468.52743346277026,-473.25104902984833,-473.7593145773596,520,0.27870122334415626,relative_registered
159,1787909409.2293663,7069.09945413,-477.20270326112063,242.79729673887937,-476.88689806288295,-477.01717459628406,-471.8357062022541,-476.6750179660295,-476.8031994358681,508,0.2687220229659191,relative_registered
160,1787909409.3292158,7069.19928977,-480.6537134069829,239.3462865930171,-479.893079150021,-480.0127944265823,-475.28671634811633,-480.38701072921697,-479.81534104249897,549,0.3451093202738323,relative_registered
161,1787909409.4298196,7069.29992067,-483.25226924616055,236.74773075383945,-482.93558543665273,-483.0310459755404,-477.885272187294,-482.61657423888687,-482.85294607354996,503,0.26742576155644243,relative_registered
162,1787909409.5291061,7069.39974767,-486.0102203198113,233.9897796801887,-485.99119176628176,-486.0097778514277,-480.64322326094475,-485.3268058732029,-485.83865506408216,503,0.30252253456711814,relative_registered
163,1787909409.629574,7069.49959285,-489.59472339114444,230.40527660885556,-489.0606727530353,-489.0239522576437,-484.2277263322779,-489.2560860259159,-488.89816991297835,503,0.25633413879558653,relative_registered
164,1787909409.7294927,7069.59942723,-492.57530271866943,227.42469728133057,-492.05656502374165,-492.021646423723,-487.2083056598029,-492.11815110842105,-491.8712609478562,489,0.25355656063492354,relative_registered
165,1787909409.829129,7069.69967273,-495.492762978852,224.507237021148,-495.08223400865705,-495.0108715775098,-490.12576591998544,-495.11739800028374,-494.862239543447,479,0.2203816078650932,relative_registered
166,1787909409.930352,7069.79950721,-498.70181319431435,221.29818680568565,-498.1548235129327,-498.04769916103174,-493.3348161354478,-498.4678366744806,-497.9080737872798,441,0.21175320787255827,relative_registered
167,1787909410.0356457,7069.89934173,-501.45609509999895,218.54390490000105,-501.1517655402125,-501.2066550518861,-496.0890980411324,-501.04876466650506,-500.9065779359814,447,0.25265466505291945,relative_registered
168,1787909410.1315713,7069.99997225,-503.86770085525296,216.13229914474704,-504.12629848195024,-504.0845527501662,-498.5007037963864,-503.1308848049649,-503.8760282651963,476,0.28652089126051283,relative_registered
169,1787909410.2295897,7070.09981201,-507.6326571339224,212.3673428660776,-507.09728889479607,-507.0252384466754,-502.26566007505585,-506.8985583872733,-506.82307998839894,434,0.2748080499760754,relative_registered
170,1787909410.3291774,7070.19965795,-510.7898539034528,209.2101460965472,-510.07395520827504,-510.01300441253346,-505.42285684458625,-509.96235304917735,-509.7566846292188,448,0.30917191418141343,relative_registered
171,1787909410.4291933,7070.29949135,-513.0402524039504,206.95974759604962,-513.0948506369263,-513.0136169544703,-507.6732553450838,-512.2452396504955,-512.7397515143599,442,0.2509998731967008,relative_registered
172,1787909410.5294175,7070.39932435,-516.4148915198492,203.58510848015078,-516.0233170259297,-516.0204811152785,-511.04789446098266,-515.9903724606272,-515.6292879447215,423,0.3062442464040967,relative_registered
173,1787909410.6310515,7070.49997117,-519.1311212260431,200.8688787739569,-518.9528835241474,-519.0696402673749,-513.7641241671765,-518.3042504736738,-518.53895340658,441,0.2970553538659319,relative_registered
174,1787909410.7293136,7070.59980583,-522.7063917665794,197.29360823342063,-521.9628803436925,-522.0176362092919,-517.3393947077128,-521.883089359368,-521.5668022365279,435,0.28240300553545844,relative_registered
175,1787909410.833832,7070.69962389,-525.2874772704372,194.7125227295628,-524.9608936897388,-525.15333092787,-519.9204802115706,-524.4970683300073,-524.5781254761557,400,0.3369923212954328,relative_registered
176,1787909410.9296963,7070.79946537,-527.8783024691594,192.1216975308406,-527.9643973353593,-528.0293903354752,-522.5113054102928,-527.2784395564261,-527.5926479921108,407,0.2226137297374206,relative_registered
177,1787909411.0293026,7070.89929845,-531.610784481624,188.38921551837598,-530.9461896327755,-531.0177142261296,-526.2437874227575,-530.7142679551307,-530.6169151810661,463,0.2617103769010043,relative_registered
178,1787909411.1306033,7070.99993669,-534.238301421258,185.76169857874197,-534.0057672475358,-534.0568736491847,-528.8713043623915,-533.6009348934078,-533.7136883583039,410,0.23457180543110454,relative_registered
179,1787909411.2294009,7071.09978993,-537.2112002484162,182.78879975158384,-536.9945044325061,-537.0209349640822,-531.8442031895496,-536.5985672816273,-536.688447561035,439,0.23953180095860652,relative_registered
180,1787909411.3294919,7071.19962695,-540.218957814184,179.78104218581598,-540.0503311863406,-540.0238006638502,-534.8519607553175,-539.6412187692191,-539.7449968036552,444,0.257237367163593,relative_registered
181,1787909411.429697,7071.29947445,-542.9605275285267,177.03947247147335,-543.1470002131238,-543.030092594098,-537.5935304696601,-542.5981809038664,-543.2686990212852,458,0.3331669631971818,relative_registered
182,1787909411.5294864,7071.39931669,-546.9296566057662,173.07034339423376,-546.1867049414698,-546.0239098981314,-541.5626595468997,-546.6070508609837,-546.369967124882,515,0.32415105679947476,relative_registered
183,1787909411.6307611,7071.49996283,-549.7918877939615,170.20811220603855,-549.1905974220983,-549.0622896570482,-544.4248907350949,-549.7574730353095,-549.4168553860682,443,0.2769392427526106,relative_registered
184,1787909411.7452476,7071.59980317,-552.2901405918557,167.70985940814433,-552.172104914686,-552.497039219322,-546.9231435329891,-552.1892529582955,-552.3780305108925,471,0.25307610311237594,relative_registered
185,1787909411.8363557,7071.69963849,-555.5354462514102,164.46455374858976,-555.1967410479629,-555.2304057838338,-550.1684491925437,-555.6423148068542,-555.3758159942254,454,0.3881646806075538,relative_registered
186,1787909411.9301236,7071.79946885,-558.5073212320142,161.4926787679858,-558.2268915172552,-558.0435698999797,-553.1403241731476,-558.4192679249568,-558.3726943863105,553,0.32009789757548057,relative_registered
187,1787909412.0293038,7071.89930785,-562.3676364814046,157.6323635185954,-561.2145910226244,-561.0191115904934,-557.000639422538,-562.4910517894906,-561.2833023929451,509,0.33519567354075214,relative_registered
188,1787909412.1307428,7071.99994921,-564.3317458099049,155.66825419009513,-564.2113292375103,-564.0624196851107,-558.9647487510383,-564.2053479880392,-564.1782552471027,546,0.2718755190534951,relative_registered
189,1787909412.2295253,7072.09978703,-567.621832421759,152.378167578241,-567.1292851324005,-567.0260303684421,-562.2548353628924,-567.2349360963724,-567.0035156112245,549,0.2879209062833519,relative_registered
190,1787909412.3298984,7072.19963747,-570.4015872292972,149.5984127707028,-570.0916775787927,-570.0373579276205,-565.0345901704306,-569.2892382904012,-569.830801820554,542,0.3328989069354861,relative_registered
191,1787909412.4292862,7072.29948769,-573.0179164039756,146.98208359602438,-573.0683229063309,-573.0191297783595,-567.6509193451091,-572.367952781966,-572.647697669414,537,0.3046676808100261,relative_registered
192,1787909412.5292537,7072.39931879,-575.8263717701934,144.17362822980658,-575.969049656075,-576.0182902852495,-570.4593747113269,-574.699194408557,-575.3889104267474,509,0.3250677708427698,relative_registered
193,1787909412.6328063,7072.49995251,-579.5056151424988,140.49438485750125,-579.001197601229,-579.1250086788303,-574.1386180836322,-578.5711645886068,-578.2574931384441,501,0.4020319581971447,relative_registered
194,1787909412.7295392,7072.59979735,-582.523779220102,137.47622077989797,-581.991846843505,-582.0271260355752,-577.1567821612355,-581.4620192821138,-581.13277324871,559,0.4018545852698634,relative_registered
195,1787909412.8296566,7072.69962333,-585.5704453290044,134.42955467099557,-585.0651124060055,-585.0307857052456,-580.2034482701379,-584.2636609268197,-584.1297014454287,535,0.3997970564898484,relative_registered
196,1787909412.9299476,7072.79947925,-588.0751810311167,131.9248189688833,-588.1082283486364,-588.0396526730148,-582.7081839722501,-586.5227261453757,-587.1531386641749,512,0.3054796878022479,relative_registered
197,1787909413.029377,7072.89930605,-590.9047599923914,129.0952400076086,-591.1301758818897,-591.0226691252224,-585.5377629335248,-589.4855898717664,-590.1148347808719,533,0.32853964976726907,relative_registered
198,1787909413.129747,7072.99994989,-594.2984806560451,125.70151934395494,-594.1877825089376,-594.0339036969348,-588.9314835971785,-592.8659179609466,-593.1765264412769,615,0.30587432758306143,relative_registered
199,1787909413.2298858,7073.09979043,-598.1895609011336,121.81043909886637,-597.1979927160537,-597.0382071259855,-592.8225638422671,-596.6273592269063,-596.2193360466462,611,0.2880880676703444,relative_registered
200,1787909413.3298051,7073.19961981,-600.6966585885746,119.30334141142544,-600.2219937988328,-600.0359227507108,-595.329661529708,-601.0342118044445,-600.8985925743623,561,0.32743588624371556,relative_registered
201,1787909413.4293132,7073.29946281,-603.4522820661143,116.54771793388568,-603.2620494684433,-603.0212996539797,-598.0852850072478,-604.1386110340375,-603.9051030156659,581,0.40634909300388566,relative_registered
202,1787909413.5364563,7073.39929211,-607.2323991865317,112.76760081346833,-606.2289727824644,-606.2357404505373,-601.8654021276651,-608.1065605099428,-606.8573504268329,589,0.5347883494918159,relative_registered
203,1787909413.6313243,7073.49993967,-609.5307175876409,110.46928241235912,-609.1580797024025,-609.0819079642487,-604.1637205287743,-609.6628543592834,-609.6728807789184,625,0.3182488267892877,relative_registered
204,1787909413.729382,7073.59977923,-613.3233607074334,106.67663929256662,-612.1449324137749,-612.0237738862885,-607.9563636485668,-613.6038870607233,-612.5259985004149,619,0.3980112798940254,relative_registered
205,1787909413.829647,7073.69961097,-614.6792855921948,105.32071440780521,-615.14595280798,-615.0318611899193,-609.3122885333282,-614.8276125777533,-615.4180220919476,610,0.3969278579090112,relative_registered
206,1787909413.9297485,7073.79945777,-617.9763497005921,102.0236502994079,-618.1876446159536,-618.0350416164955,-612.6093526417255,-618.2415743383461,-618.3566060872157,577,0.5203417207576725,relative_registered
207,1787909414.0297773,7073.89929515,-621.0371529952963,98.96284700470369,-621.1561893989236,-621.0360404140605,-615.6701559364298,-619.6321990424001,-621.2341091320759,639,0.4383928701618834,relative_registered
208,1787909414.1304257,7073.99994249,-624.5629099932436,95.43709000675642,-624.0957040995685,-624.0556295519533,-619.195912934377,-623.6883855992875,-624.0753376552444,599,0.522649997946713,relative_registered
209,1787909414.2296097,7074.09978361,-627.412051980525,92.587948019475,-627.1215734317851,-627.031285688579,-622.0450549216584,-626.9975022792353,-626.9905938166789,640,0.44686978928929366,relative_registered
210,1787909414.329263,7074.19962547,-630.5733934966504,89.4266065033496,-630.1681933530123,-630.0210186969881,-625.2063964377838,-630.3579607589968,-629.9494985034804,623,0.40215762330564214,relative_registered
211,1787909414.4296424,7074.29947713,-633.1505716925037,86.84942830749628,-633.1772630511886,-633.0325393839806,-627.7835746336372,-632.6930099648704,-632.9086900329892,700,0.4202527990437673,relative_registered
212,1787909414.5298257,7074.39931349,-636.6792440574765,83.32075594252353,-636.2392966768506,-636.0381732490841,-631.3122469986099,-635.5220672871087,-636.0114351460686,698,0.44003057388347183,relative_registered
213,1787909414.630434,7074.49995891,-639.9366134268091,80.06338657319088,-639.2784838858411,-639.0565607028004,-634.5696163679426,-639.5018827047445,-639.0776930569951,655,0.40207304117437226,relative_registered
214,1787909414.729478,7074.59980045,-642.8654561578342,77.13454384216584,-642.2745295600745,-642.0280109448079,-637.4984590989676,-642.5488273489734,-642.0867228412577,660,0.36432495096708173,relative_registered
215,1787909414.829458,7074.69964965,-645.8592005237746,74.14079947622542,-645.4209176004491,-645.0275505544441,-640.492203464908,-645.4757300560976,-645.3104201995418,657,0.39506332935664773,relative_registered
216,1787909414.9297192,7074.79948923,-648.4125227917154,71.58747720828455,-648.3668828405988,-648.0355234119628,-643.0455257328489,-648.1497048336495,-648.292893090166,656,0.4350302704959792,relative_registered
217,1787909415.0293982,7074.89932073,-651.8908498366734,68.1091501633266,-651.2467167515268,-651.0260289316283,-646.5238527778068,-651.3547237965942,-651.2514054809429,720,0.3902005252550882,relative_registered
218,1787909415.1309474,7074.99996929,-655.0461822165075,64.95381778349247,-654.222377724377,-654.0726416577314,-649.679185157641,-654.8928994778124,-654.1923603536845,657,0.4169597315377842,relative_registered
219,1787909415.2296374,7075.09981635,-656.9719399683884,63.02806003161163,-657.174534910622,-657.0334770228452,-651.6049429095218,-656.8613136542074,-657.1242921403633,695,0.42495207148804565,relative_registered
220,1787909415.329422,7075.19966117,-660.4752687797985,59.52473122020149,-660.1092623599328,-660.0271512692384,-655.108271720932,-660.360775511913,-660.094400198585,707,0.3733956767513258,relative_registered
221,1787909415.4351258,7075.29950603,-663.6857254878722,56.31427451212778,-663.0644313343877,-663.1984101171392,-658.3187284290057,-663.9383031253305,-663.5108093850929,660,0.41009528601647577,relative_registered
222,1787909415.5325558,7075.400400032,-665.5053218106458,54.494678189354204,-665.9781186265286,-666.1214425008632,-660.1383247517792,-665.3181936206485,-666.3656578865923,656,0.43896879196706357,relative_registered
223,1787909415.6374369,7075.50036497,-669.5151624012368,50.48483759876319,-668.9419206887964,-669.2680167529691,-664.1481653423702,-669.4977158929485,-669.2959346802147,695,0.38037806045758604,relative_registered
224,1787909415.7304316,7075.60019607,-672.6374254901054,47.36257450989456,-672.0070555445163,-672.0579840727768,-667.2704284312389,-671.8886021633173,-672.3297094314316,665,0.40754374828889095,relative_registered
225,1787909415.8306916,7075.70004391,-674.3483455785666,45.65165442143336,-675.020708120962,-675.0659211658855,-668.9813485197001,-673.8709240390014,-675.330512658394,676,0.36854464793688024,relative_registered
226,1787909415.9312284,7075.79988111,-678.2117843758067,41.7882156241933,-678.0266361599918,-678.0821627550005,-672.8447873169401,-678.386653989179,-678.3637652460203,671,0.3182197863986165,relative_registered
227,1787909416.0307639,7075.89971321,-682.2954864168992,37.704513583100834,-681.0088457102136,-681.0683622396997,-676.9284893580326,-682.5469736680617,-681.3376561974674,614,0.31089551111173835,relative_registered
228,1787909416.1296914,7075.99954011,-683.8712959167361,36.12870408326387,-684.0296572321785,-684.0363218752893,-678.5042988578696,-683.7922083688975,-684.3195579946924,713,0.35596723084982745,relative_registered
229,1787909416.2292879,7076.09936407,-687.5047849601515,32.49521503984852,-687.0819600087099,-687.0243524977816,-682.1377879012849,-687.7736322243669,-687.3998712575803,650,0.31210971132623483,relative_registered
230,1787909416.3302085,7076.19999353,-690.652752505247,29.34724749475299,-690.0449519174474,-690.0521102269227,-685.2857554463804,-690.6737286430943,-690.4295423223573,681,0.32104629336008866,relative_registered
231,1787909416.4295895,7076.29982675,-693.6112953422446,26.388704657755397,-693.0562254995709,-693.0336746440835,-688.244298283378,-694.113489322769,-693.4904052680375,667,0.30715579511787205,relative_registered
232,1787909416.5294166,7076.39966211,-696.8061121783152,23.193887821684825,-696.0770167358429,-696.0286221034734,-691.4391151194486,-696.845992572271,-696.5558186232333,693,0.36130181560737207,relative_registered
233,1787909416.6295283,7076.49950341,-699.7197764772762,20.28022352272376,-699.0210925962477,-699.0321101039757,-694.3527794184097,-699.7700279218182,-699.5173278671451,712,0.30706721816652327,relative_registered
234,1787909416.7293925,7076.59933779,-701.5485546087891,18.451445391210882,-702.0805282887645,-702.0281734129582,-696.1815575499226,-701.9124101753289,-702.614955919285,716,0.2941658732455717,relative_registered
235,1787909416.83127,7076.69998373,-705.1008066061879,14.899193393812084,-705.1536191854015,-705.0846356575804,-699.7338095473214,-705.2379854049518,-705.6635653153107,723,0.3136647575957974,relative_registered
236,1787909416.9300463,7076.79981155,-708.3151601292707,11.68483987072932,-708.0034598296587,-708.0480603659796,-702.9481630704041,-708.3807521079493,-708.4714213012601,735,0.2867177714164105,relative_registered
237,1787909417.037574,7076.89965759,-711.2643655854164,8.735634414583615,-710.9741133285813,-711.2740387612093,-705.8973685265498,-711.1216791525046,-711.4345961955905,710,0.29406028596940753,relative_registered
238,1787909417.1298523,7076.99949337,-714.2949161452042,5.7050838547958165,-714.0219521086152,-714.0425116705957,-708.9279190863376,-714.4816069776095,-714.4749549542821,691,0.29438331971233855,relative_registered
239,1787909417.229462,7077.09932469,-717.2786634399739,2.7213365600260886,-716.9908760526438,-717.0309357015981,-711.9116663811074,-717.5729813638804,-717.4032049924853,663,0.23531874216856916,relative_registered
240,1787909417.330739,7077.19996487,-720.5691338258815,359.4308661741185,-719.9595062017615,-720.0693869893349,-715.202136767015,-720.2053602435393,-720.0670912972544,720,0.27850112953517997,relative_registered
241,1787909417.429683,7077.29981857,-723.4282945325688,356.57170546743123,-722.9646813945334,-723.0378401737828,-718.0612974737022,-723.3438106054778,-723.0601455100314,632,0.331584015812563,relative_registered
242,1787909417.529527,7077.39966293,-726.7335229363249,353.2664770636751,-726.0178759728461,-726.0332954877949,-721.3665258774583,-726.6548077308754,-726.1031789639774,657,0.25953681457788463,relative_registered
243,1787909417.6299453,7077.49949531,-729.6503205490501,350.3496794509499,-729.0834094147555,-729.0459820945541,-724.2833234901835,-729.3462530562514,-729.1862466999061,616,0.2760571741392615,relative_registered
244,1787909417.7294915,7077.59933423,-731.8233797556437,348.1766202443563,-732.1217858557251,-732.0325034589434,-726.4563826967772,-731.7007168649695,-732.2078094660517,610,0.27207854372905377,relative_registered
245,1787909417.8302767,7077.69997125,-734.5360025395057,345.4639974604943,-735.0484219444954,-735.0561983511064,-729.1690054806392,-734.0645259925095,-735.1258479312439,656,0.32297342689261577,relative_registered
246,1787909417.9354312,7077.79980907,-739.1716684196437,340.82833158035635,-737.9804772869901,-738.2109769588707,-733.8046713607771,-739.0947005604602,-738.0524659773414,608,0.37081803027478444,relative_registered
247,1787909418.0296135,7077.89965139,-741.2328572089234,338.7671427910766,-740.9510851234414,-741.0365727839392,-735.8658601500568,-740.8812975275814,-741.0045259914738,644,0.23622094953311656,relative_registered
248,1787909418.129349,7077.99949099,-744.3824937821812,335.6175062178188,-743.9161976116068,-744.0287735366395,-739.0154967233146,-743.9742609074128,-743.9550572864973,647,0.27009374496070837,relative_registered
249,1787909418.22929,7078.09932501,-747.0874660146562,332.91253398534377,-746.8994134095841,-747.0271400736272,-741.7204689557897,-746.7161369391104,-746.9366982605977,646,0.27919337306242376,relative_registered
250,1787909418.329588,7078.19995565,-750.6388602952742,329.3611397047258,-749.8882358203385,-750.0362144749745,-745.2718632364076,-750.3517226763912,-749.9171432512356,594,0.31062030168377486,relative_registered
251,1787909418.4298716,7078.29979461,-753.4673192248255,326.5326807751745,-752.8807786038354,-753.0448597034016,-748.1003221659589,-753.3537191377825,-752.9032234561447,604,0.2959898034168641,relative_registered
252,1787909418.5295393,7078.39962945,-755.781145881714,324.218854118286,-755.9022590857843,-756.0350290376128,-750.4141488228474,-755.5042247059625,-755.9473856095022,608,0.30937658066033097,relative_registered
253,1787909418.6297636,7078.49947431,-758.7163680464042,321.2836319535958,-758.9284827817947,-759.041893198421,-753.3493709875377,-758.4090377843089,-758.9958672836275,632,0.2875347756983901,relative_registered
254,1787909418.729526,7078.59930387,-762.0479135197176,317.95208648028245,-762.0178782220256,-762.0349022267878,-756.680916460851,-761.7065084053909,-762.0854317734486,615,0.33861511031752073,relative_registered
255,1787909418.8306727,7078.69992469,-765.3313744605833,314.66862553941667,-765.0405052250429,-765.0694408880686,-759.9643774017168,-765.2267169423145,-765.1477415820303,581,0.28129537347601463,relative_registered
256,1787909418.933346,7078.79976425,-768.7098322233551,311.2901677766449,-767.9808323986139,-768.1497794528194,-763.3428351644885,-768.3353090660587,-768.0897188091069,558,0.2927502872449821,relative_registered
257,1787909419.0298135,7078.89960105,-771.4860660555083,308.51393394449167,-771.0631896730955,-771.0439356518941,-766.1190689966418,-771.324772413859,-771.1990489888992,614,0.30198007712799163,relative_registered
258,1787909419.130271,7078.99944471,-774.6065343670941,305.3934656329059,-774.1179919116402,-774.0577953313019,-769.2395373082276,-774.4318121721195,-774.2873925594513,587,0.29668831317949906,relative_registered
259,1787909419.2294219,7079.09930433,-777.4589150253372,302.5410849746628,-777.1409071624807,-777.0324572173291,-772.0919179664706,-777.3679853204804,-777.3386003748353,619,0.28052871627182424,relative_registered
260,1787909419.33068,7079.19995327,-780.3778306787688,299.62216932123124,-780.1198340502775,-780.0703362745056,-775.0108336199022,-779.9820454703222,-779.9755853181912,590,0.29942200708554134,relative_registered
261,1787909419.42935,7079.29980951,-783.7599832830381,296.2400167169619,-783.1403379545652,-783.0305707975311,-778.3929862241715,-783.4236733922322,-783.018394051272,572,0.2903249936139637,relative_registered
262,1787909419.5295591,7079.39964769,-786.3967303234825,293.60326967651747,-786.2179854000648,-786.036984326773,-781.029733264616,-785.8261167281745,-786.1018886463096,619,0.3194376234286615,relative_registered
263,1787909419.6296577,7079.49947377,-789.878574250953,290.12142574904703,-789.1670424964201,-789.0400789187652,-784.5115771920864,-789.4214898958259,-789.0267966364647,556,0.2710135411433059,relative_registered
264,1787909419.729464,7079.59930937,-792.1630632635239,287.8369367364761,-792.1031782594374,-792.0344040774206,-786.7960662046573,-791.8610932655263,-791.9433290057011,577,0.3052552170948207,relative_registered
265,1787909419.8302321,7079.69994565,-795.1096744013875,284.89032559861255,-795.0290675243833,-795.0575839620794,-789.7426773425209,-794.7404738743063,-794.840414318037,561,0.2896995551363234,relative_registered
266,1787909419.929586,7079.79977919,-798.6477037607578,281.35229623924215,-798.0142992298412,-798.0383329506917,-793.2807067018913,-798.0836389991633,-797.7754895524255,602,0.2830512070387315,relative_registered
267,1787909420.030131,7079.89961729,-801.3654763975329,278.6345236024671,-801.0120006860519,-801.054824890677,-795.9984793386664,-800.6577122268982,-800.739661514402,582,0.2979163108192139,relative_registered
268,1787909420.1295261,7079.99947001,-803.8398468181504,276.16015318184964,-804.0002077587397,-804.036811327876,-798.4728497592838,-803.1943759082527,-803.6841037632738,601,0.29483073968477064,relative_registered
269,1787909420.2294815,7080.09931757,-807.2722689918717,272.72773100812833,-807.0258051012934,-807.0356070377838,-801.9052719330051,-806.7890100826164,-806.6984894650349,631,0.23524478449465674,relative_registered
270,1787909420.3374472,7080.19996621,-810.5673178640931,269.43268213590693,-810.0518506062565,-810.2747252772544,-805.2003208052265,-809.7096127615788,-809.7052482398254,655,0.3359588301794317,relative_registered
271,1787909420.4336154,7080.29980223,-813.6698035011715,266.3301964988285,-813.0463025887069,-813.1599046094144,-808.3028064423049,-812.8763132560697,-812.6734298816846,661,0.2961498729025086,relative_registered
272,1787909420.529665,7080.39964607,-815.7266739527682,264.27332604723176,-816.0861613887892,-816.0415218063365,-810.3596768939017,-814.7770858062499,-815.7171339959095,638,0.3027495254924233,relative_registered
273,1787909420.630508,7080.49948573,-819.6343485042813,260.3656514957187,-819.1227296878695,-819.0669476959445,-814.2673514454148,-818.9498496269574,-818.7126495141005,592,0.3435266906594254,relative_registered
274,1787909420.7295432,7080.59932101,-822.5619016608096,257.43809833919045,-822.1805648317555,-822.0381404341997,-817.194904601943,-821.6843074793499,-821.7427916765205,598,0.3378975816529157,relative_registered
275,1787909420.829425,7080.69995065,-825.947577534796,254.05242246520402,-825.2026207708158,-825.0347330564505,-820.5805804759294,-825.2196136561485,-824.7679617049622,572,0.36639425273294596,relative_registered
276,1787909420.9299,7080.79980299,-828.3985616382093,251.60143836179066,-828.2197778502662,-828.0491148962445,-823.0315645793428,-827.96779100293,-827.8203233141328,582,0.3171268861643199,relative_registered
277,1787909421.0301871,7080.89962655,-831.6743851491786,248.32561485082135,-831.2873192319422,-831.0578674179017,-826.3073880903121,-831.1275394449365,-830.9239105799547,540,0.23553378082787899,relative_registered
278,1787909421.1296287,7080.99946473,-834.7749366507015,245.22506334929847,-834.3090214446672,-834.0412486670914,-829.407939591835,-834.2637870391599,-833.9590091430455,528,0.2661582799719184,relative_registered
279,1787909421.2304347,7081.09930735,-837.499829179654,242.50017082034606,-837.2745873963149,-837.0655658599887,-832.1328321207874,-836.6348231127705,-836.94152700704,564,0.3625430641383178,relative_registered
280,1787909421.3302906,7081.19994451,-840.3641582847354,239.63584171526463,-840.261382226657,-840.061378818101,-834.9971612258688,-839.481921640248,-840.191178710368,502,0.28728346098135216,relative_registered
281,1787909421.4402614,7081.29977637,-843.7406585325239,236.25934146747613,-843.3035597877532,-843.3606527952235,-838.3736614736573,-843.0295174364196,-843.151214959428,519,0.26966040019252613,relative_registered
282,1787909421.5299425,7081.39961513,-846.647566669322,233.35243333067797,-846.330332552662,-846.0512093609427,-841.2805696104555,-845.6845403191277,-846.131232367805,521,0.24612865454766578,relative_registered
283,1787909421.6300821,7081.49947309,-849.4065725022207,230.59342749777932,-849.2509969869988,-849.0555342486394,-844.0395754433541,-848.801014176165,-849.0038127461289,490,0.30282515637105073,relative_registered
284,1787909421.7299361,7081.59931665,-852.7186862293195,227.28131377068053,-852.2334163154403,-852.0512899836958,-847.3516891704529,-852.4493771497232,-851.9648453751878,492,0.23842838354106793,relative_registered
285,1787909421.832006,7081.69994649,-855.615585589498,224.38441441050202,-855.173136215391,-855.1135246040951,-850.2485885306314,-855.4357472675381,-854.9070875724907,479,0.26239075361422604,relative_registered
286,1787909421.9306147,7081.79978009,-858.4996386715695,221.50036132843047,-858.1406663147853,-858.0719208364457,-853.132641612703,-858.1754991876456,-857.884459987771,451,0.27618900035157024,relative_registered
287,1787909422.0305989,7081.89961455,-861.222524136521,218.77747586347903,-861.0665093037317,-861.071582045076,-855.8555270776544,-860.8190839290648,-860.8010011194862,437,0.2669356964638284,relative_registered
288,1787909422.1294508,7081.99945609,-864.5278926171965,215.47210738280353,-864.0625462073953,-864.0372742170704,-859.1608955583299,-863.7448654745328,-863.8107239830751,436,0.30830681775782404,relative_registered
289,1787909422.2297359,7082.09931251,-867.6293163510409,212.37068364895913,-867.059482271343,-867.0459623627895,-862.2623192921743,-867.0975403370322,-866.8187938875025,449,0.2736934988207856,relative_registered
290,1787909422.330614,7082.19996463,-870.5864477584752,209.41355224152483,-870.062263499334,-870.072446878934,-865.2194506996086,-870.2012603802499,-869.8171406947397,441,0.26793120090714523,relative_registered
291,1787909422.4303262,7082.29980433,-872.9317059126365,207.06829408736348,-873.0075893758435,-873.063946649198,-867.56470885377,-872.1270853709657,-872.6899975155663,437,0.2735508349605751,relative_registered
292,1787909422.5296786,7082.39963237,-876.0487766358018,203.9512233641982,-876.0241151653095,-876.0446527205183,-870.6817795769352,-874.848328311334,-875.6585342112661,488,0.3608514308692582,relative_registered
293,1787909422.630175,7082.49946511,-879.2719058792509,200.72809412074912,-879.0607918951788,-879.0596854725748,-873.9049088203843,-878.6140681871907,-878.6448084278654,433,0.19294868164984028,relative_registered
294,1787909422.7301471,7082.59928947,-882.005420947296,197.994579052704,-882.0189417067519,-882.0589818842229,-876.6384238884294,-881.3128561567363,-881.5769568222915,405,0.19884983835753517,relative_registered
295,1787909422.8303556,7082.69992657,-885.456049778079,194.54395022192102,-884.9870702975794,-885.0653739548188,-880.0890527192124,-884.8921568568168,-884.5458753861029,422,0.1965660165892009,relative_registered
296,1787909422.9302638,7082.79976779,-888.623173027933,191.37682697206697,-887.9771209216058,-888.0627533940899,-883.2561759690665,-887.7883064257591,-887.581983587166,411,0.2795371636723376,relative_registered
297,1787909423.0298514,7082.89962611,-891.883309700898,188.11669029910195,-890.994999080537,-891.050519359948,-886.5163126420315,-891.2053754871594,-890.6462615145263,413,0.2183878648962605,relative_registered
298,1787909423.1294036,7082.99946349,-894.2676090721028,185.7323909278972,-893.9871256331982,-894.0372195463875,-888.9006120132362,-893.4989070329468,-893.6919386231212,439,0.24941181195975265,relative_registered
299,1787909423.2301366,7083.09931269,-897.423711031618,182.57628896838196,-897.0420731858524,-897.0593479573917,-892.0567139727515,-896.685730332692,-896.8035002989409,413,0.24780597160097045,relative_registered
300,1787909423.331035,7083.19994811,-900.0631414570527,179.93685854294733,-900.059012095818,-900.0864333156245,-894.6961443981861,-899.6672130231483,-900.2162958214722,490,0.2974344953549384,relative_registered
301,1787909423.4297934,7083.29979675,-903.695212580956,176.30478741904403,-903.096532231669,-903.0493215578734,-898.3282155220894,-903.3192772927534,-903.2428654371048,466,0.2953071840258812,relative_registered
302,1787909423.529678,7083.39964605,-906.1378934273932,173.86210657260676,-906.0541857035664,-906.0460000147082,-900.7708963685267,-905.9319193163014,-906.1658998372268,468,0.24366411303668212,relative_registered
303,1787909423.630567,7083.49949175,-908.660065796352,171.339934203648,-909.0329648581812,-909.0728064105429,-903.2930687374854,-908.3890364505551,-909.0605793539737,475,0.2470778194777995,relative_registered
304,1787909423.7297945,7083.59933475,-912.4159398946653,167.58406010533474,-912.0319609335929,-912.0497643716932,-907.0489428357987,-912.1934413028572,-911.971762043773,509,0.2518927489119738,relative_registered
305,1787909423.8323457,7083.69997175,-915.7968874949935,164.20311250500652,-915.0271664846416,-915.1264406608581,-910.4298904361269,-915.7636056652827,-914.9125471492735,498,0.28010258368880314,relative_registered
306,1787909423.9302382,7083.79980175,-918.7150037949581,161.28499620504192,-917.9921789977947,-918.0633496356694,-913.3480067360915,-918.3971940608706,-917.8015917401054,542,0.2652418149097178,relative_registered
307,1787909424.0302606,7083.89964785,-921.3873420819605,158.61265791803953,-920.9615338212908,-921.0641553054203,-916.0203450230939,-920.9511065779982,-920.743102240441,534,0.24039306913310368,relative_registered
308,1787909424.1329777,7083.99950901,-924.4921972705931,155.50780272940688,-924.0693840784307,-924.1458100004598,-919.1252002117266,-923.8479035938641,-923.8614341737882,482,0.3660381551616853,relative_registered
309,1787909424.2296398,7084.09934615,-926.8311913309582,153.16880866904182,-927.1119589568899,-927.0458029512496,-921.4641942720916,-925.952314459728,-926.9132157445406,559,0.40723034386722,relative_registered
310,1787909424.3357327,7084.19998825,-930.4671105755812,149.53288942441884,-930.1232654786098,-930.2287353025806,-925.1001135167146,-929.7195332505547,-929.9375886927043,489,0.35257081086475983,relative_registered
311,1787909424.4298952,7084.29983071,-933.2842694718895,146.7157305281105,-933.1466503312878,-933.0537374384428,-927.9172724130229,-932.4089624955783,-933.0153435074235,503,0.3214964042110225,relative_registered
312,1787909424.5310254,7084.39967225,-936.7898221803194,143.21017781968055,-936.2294164684841,-936.0877825508653,-931.4228251214529,-936.0532790050036,-936.1522365698484,496,0.36602515986297657,relative_registered
313,1787909424.631066,7084.49951043,-939.5926769850812,140.4073230149188,-939.2651783804455,-939.0891389925305,-934.2256799262146,-939.3873872005835,-939.2763087925645,533,0.3643796411689773,relative_registered
314,1787909424.7306898,7084.59935547,-942.5019951305107,137.49800486948925,-942.2625009033907,-942.0779850435712,-937.1349980716442,-942.4521353393777,-942.4066646508694,548,0.2934202063692567,relative_registered
315,1787909424.8323505,7084.69999947,-945.1183971686328,134.88160283136722,-945.2695058922473,-945.127945318452,-939.7514001097662,-944.9349517108341,-945.4691790978715,536,0.3522527863187124,relative_registered
316,1787909424.931104,7084.79983557,-948.9587771093765,131.04122289062354,-948.258296827954,-948.0906833501789,-943.5917800505099,-949.2827847286243,-948.6028953883842,535,0.2906672286306536,relative_registered
317,1787909425.0318613,7084.89965555,-952.4870955126759,127.51290448732414,-951.3265020984812,-951.1135413551474,-947.1200984538093,-952.7533703393763,-951.7958421715323,594,0.3073694481287992,relative_registered
318,1787909425.1300242,7084.99948857,-954.1421943214506,125.85780567854943,-954.2930392866848,-954.0585616981509,-948.775197262584,-954.1735821635293,-954.8088705346898,583,0.2859498406972055,relative_registered
319,1787909425.229643,7085.09932539,-957.4061510190658,122.59384898093424,-957.3599559846833,-957.0472646915515,-952.0391539601992,-957.6987422145701,-957.8399569638668,570,0.2870748622369379,relative_registered
320,1787909425.3305743,7085.19995815,-961.0833913541717,118.91660864582832,-960.3032614208339,-960.0753371475008,-955.7163942953051,-961.3969606795754,-960.7606070897149,551,0.3117390254474409,relative_registered
321,1787909425.4301848,7085.29979875,-963.6244052368695,116.3755947631305,-963.186106089394,-963.0637897900313,-958.257408178003,-963.4640951031415,-963.5998672032921,571,0.4405101383790987,relative_registered
322,1787909425.5297205,7085.39963279,-966.3853203616213,113.61467963837868,-966.1159808271524,-966.0499964276124,-961.0183233027548,-966.5486115565669,-966.4822947199009,601,0.37683731711462104,relative_registered
323,1787909425.630056,7085.49946537,-969.3890661065947,110.61093389340533,-969.0706769637529,-969.0601938314344,-964.0220690477281,-969.2296478329267,-969.3922981008657,594,0.34351909841555206,relative_registered
324,1787909425.729197,7085.59930159,-972.0132965973446,107.9867034026554,-972.0309891819608,-972.0345624492993,-966.646299538478,-971.8514609851736,-972.2856966229099,591,0.4586091676772182,relative_registered
325,1787909425.83091,7085.69994741,-975.2231230842252,104.77687691577478,-975.0112258124544,-975.086089205339,-969.8561260253587,-974.875795120547,-975.2301897846146,614,0.49137466025840204,relative_registered
326,1787909425.9301147,7085.79978877,-978.9310926583202,101.06890734167985,-977.9728022749503,-978.062367642699,-973.5640955994536,-979.7332418190678,-978.1237580944387,597,0.5817000385417526,relative_registered
327,1787909426.0297565,7085.89962267,-980.8063579866908,99.19364201330916,-981.0045247202097,-981.0517573127719,-975.4393609278243,-980.8490369403575,-981.1763001517737,618,0.5437781809641465,relative_registered
328,1787909426.1297672,7085.99945597,-984.8365233824421,95.16347661755788,-984.0843195942817,-984.0522124913047,-979.4695263235756,-984.5392632393948,-984.3103772056138,612,0.4167061466048183,relative_registered
329,1787909426.2296853,7086.09928837,-986.3554733059434,93.6445266940566,-987.032591084584,-987.04989235162,-980.9884762470768,-985.6292188822922,-987.1720207101665,619,0.546168487764896,relative_registered
330,1787909426.3393998,7086.19993041,-989.8666856591104,90.13331434088957,-990.0707271857956,-990.3414769805883,-984.4996886002439,-989.1273956729914,-990.257205036548,666,0.44337475689677425,relative_registered
331,1787909426.4323645,7086.29976859,-994.2474343810596,85.75256561894037,-993.1662113844001,-993.1305430372636,-988.8804373221931,-994.0277867816283,-993.4966752769196,685,0.41165414104974446,relative_registered
332,1787909426.529946,7086.39960083,-996.5764554571856,83.4235445428144,-996.2098922993619,-996.0581246539418,-991.209458398319,-996.6060400575248,-996.5934629639894,649,0.3719501057568529,relative_registered
333,1787909426.6296701,7086.49944827,-999.8724943813608,80.12750561863925,-999.2171569281252,-999.049982068306,-994.5054973224942,-1000.0414638926447,-999.7142240418361,683,0.37552257528301974,relative_registered
334,1787909426.7298257,7086.59929199,-1002.8652867758478,77.13471322415216,-1002.1788247340775,-1002.0547861990971,-997.4982897169813,-1003.4759919723656,-1002.6787563922934,633,0.44086218555726453,relative_registered
335,1787909426.8311265,7086.69994441,-1005.632532717067,74.36746728293303,-1005.1189696913837,-1005.0939456221522,-1000.2655356582004,-1005.7948723207078,-1005.5996986340122,676,0.30744645752294303,relative_registered
336,1787909426.9304073,7086.79979397,-1008.4110022764322,71.58899772356779,-1008.0824639345249,-1008.0725058288715,-1003.0440052175657,-1009.2324156399419,-1008.5228971228623,685,0.4046749373979185,relative_registered
337,1787909427.03015,7086.89963073,-1011.1876902720777,68.8123097279223,-1011.0836502321655,-1011.064921168032,-1005.8206932132111,-1011.1484645529202,-1011.5644579664445,657,0.4129325966141905,relative_registered
338,1787909427.129723,7086.99945971,-1014.2795655127163,65.72043448728368,-1014.0448032506862,-1014.0522508080878,-1008.9125684538498,-1013.5339514663457,-1014.517921611098,695,0.5304601037768494,relative_registered
339,1787909427.2294242,7087.09931111,-1018.0122045850248,61.98779541497515,-1017.0717781522264,-1017.0434215457797,-1012.6452075261583,-1019.9223939639543,-1017.4996797549785,717,0.6012269343664478,relative_registered
340,1787909427.3321333,7087.19995767,-1019.9543832858343,60.0456167141657,-1019.9956424646729,-1020.1248330428311,-1014.5873862269677,-1019.9172081018736,-1020.055209324273,708,0.5221769446183757,relative_registered
341,1787909427.4299955,7087.29979365,-1022.6842590214964,57.31574097850364,-1022.9487220226016,-1023.0608336016279,-1017.3172619626298,-1022.584593389327,-1023.009681678867,691,0.4548413412383035,relative_registered
342,1787909427.5299013,7087.39964585,-1025.8646264792824,54.13537352071762,-1025.9956753458266,-1026.058141512079,-1020.4976294204158,-1025.5295323540574,-1026.0632339520641,635,0.43032577907821584,relative_registered
343,1787909427.6317394,7087.49949131,-1028.9980158432056,51.00198415679438,-1028.95395952489,-1029.1134235311706,-1023.6310187843391,-1028.5392656271501,-1029.0256105364185,698,0.3988522199759801,relative_registered
344,1787909427.7310708,7087.59932107,-1032.6453205824232,47.35467941757679,-1031.988612874753,-1032.0935001488747,-1027.2783235235568,-1032.340680119852,-1032.0571735532812,646,0.3856065460801372,relative_registered
345,1787909427.8318248,7087.69995887,-1035.634199935354,44.36580006464601,-1035.0639841327477,-1035.116258013495,-1030.2672028764875,-1035.313503864993,-1035.156378795592,657,0.3643162958340135,relative_registered
346,1787909427.9304795,7087.79980505,-1038.491664877533,41.50833512246709,-1038.084339153761,-1038.0760347520725,-1033.1246678186665,-1038.2464020695086,-1038.160819827582,617,0.3597248862154605,relative_registered
347,1787909428.0302773,7087.89965153,-1041.9221891462848,38.077810853715164,-1041.1013672588547,-1041.0701024069758,-1036.5551920874184,-1041.546858103086,-1041.1686778404078,687,0.3460974312244927,relative_registered
348,1787909428.1300333,7087.99949157,-1044.4846801538752,35.51531984612484,-1044.0812984023619,-1044.0629183075284,-1039.1176830950087,-1044.2367033422252,-1044.12950948433,651,0.33596219737575855,relative_registered
349,1787909428.23071,7088.09933301,-1047.6326838586383,32.3673161413617,-1047.0991558956132,-1047.0833586383799,-1042.2656867997719,-1047.6370222539479,-1047.0901025612818,679,0.35350766544366535,relative_registered
350,1787909428.3300316,7088.19997771,-1050.4848695087007,29.51513049129926,-1050.1845850591758,-1050.0631419879217,-1045.1178724498343,-1050.1750080100671,-1050.1918707542013,644,0.3772390438468097,relative_registered
351,1787909428.430208,7088.29981655,-1053.1192479997871,26.88075200021285,-1053.1947213686526,-1053.068568419447,-1047.7522509409207,-1052.8185130329439,-1053.212793032766,709,0.38817808520000774,relative_registered
352,1787909428.5379558,7088.39965463,-1056.0750477827644,23.924952217235614,-1056.144503369267,-1056.3011489247663,-1050.708050723898,-1055.806374235261,-1056.169699864732,716,0.35519245164681323,relative_registered
353,1787909428.6329691,7088.49949275,-1059.8740252779362,20.125974722063802,-1059.089169637302,-1059.1516796965,-1054.5070282190698,-1059.5382590061904,-1059.0974532410623,696,0.424904420616376,relative_registered
354,1787909428.7298481,7088.59932739,-1062.3426453016002,17.657354698399786,-1062.0007536078037,-1062.058181769913,-1056.9756482427338,-1061.7255488919413,-1062.004531964875,729,0.3424376675267884,relative_registered
355,1787909428.8309755,7088.69996431,-1064.8460539254395,15.153946074560508,-1064.993497709754,-1065.0921410477515,-1059.479056866573,-1064.424008059963,-1064.9840791261543,720,0.3411005123860077,relative_registered
356,1787909428.9302063,7088.79980225,-1068.4482541529414,11.551745847058555,-1068.0031292138026,-1068.06919914925,-1063.081257094075,-1068.161324314446,-1067.9939238994132,745,0.3187388894737493,relative_registered
357,1787909429.0312932,7088.89964709,-1071.3815346075642,8.618465392435837,-1071.0054269616953,-1071.1019424371477,-1066.0145375486977,-1071.0581732577375,-1071.0003546449623,693,0.30348184764381586,relative_registered
358,1787909429.1303403,7088.99949619,-1074.7407758005832,5.259224199416849,-1074.0286413395343,-1074.0734928195031,-1069.3737787417167,-1074.4804954596923,-1074.0043436369156,661,0.2937956252035884,relative_registered
359,1787909429.2305267,7089.09934339,-1077.3177776940797,2.682222305920277,-1077.0234086446067,-1077.0792196720727,-1071.9507806352133,-1077.0109205957417,-1076.9802378739612,665,0.2516278497852845,relative_registered
360,1787909429.3299768,7089.19998703,-1080.193117360658,359.8068826393419,-1080.0724338569246,-1080.0628584250146,-1074.8261203017917,-1079.6422188144095,-1079.7892079418527,702,0.2747791010254625,relative_registered
361,1787909429.4312882,7089.29983019,-1083.155498883519,356.84450111648107,-1083.1193112118576,-1083.10233972776,-1077.7885018246525,-1082.495456941706,-1082.8397185743777,650,0.28984740689802213,relative_registered
362,1787909429.532338,7089.39967687,-1086.4376174782417,353.5623825217583,-1086.1218079693303,-1086.133967166065,-1081.0706204193752,-1085.8045779819524,-1085.8704363265206,618,0.28654257739306166,relative_registered
363,1787909429.6300342,7089.49952547,-1089.4219976553134,350.57800234468664,-1089.093543079723,-1089.0649893189873,-1084.055000596447,-1088.8635944202974,-1088.8648140902299,641,0.2909947174392026,relative_registered
364,1787909429.7301414,7089.59935613,-1092.8994103363864,347.1005896636136,-1092.0973056796101,-1092.0683414147315,-1087.53241327752,-1092.3845614152922,-1091.90767687863,631,0.35493594450433524,relative_registered
365,1787909429.8299665,7089.69961517,-1095.4849711058894,344.5150288941106,-1095.0941525904616,-1095.0632316510653,-1090.117974047023,-1095.2651483709424,-1094.9225433869979,630,0.3031593571633477,relative_registered
366,1787909429.9316432,7089.79945771,-1098.3099426686447,341.6900573313553,-1098.1043008759434,-1098.1136711690406,-1092.9429456097782,-1097.7839449390062,-1097.9738652562219,638,0.2682125051647664,relative_registered
367,1787909430.030469,7089.89930067,-1101.2607567141351,338.73924328586486,-1101.0796857921353,-1101.0785765240144,-1095.8937596552687,-1100.7195006808283,-1100.9412305515114,654,0.32100882950311005,relative_registered
368,1787909430.131434,7089.99994187,-1104.5269205747488,335.47307942525117,-1104.0740783983524,-1104.1076646892084,-1099.1599235158824,-1104.0354181977254,-1103.9453384717121,660,0.33158445833899314,relative_registered
369,1787909430.2299852,7090.09979619,-1107.726016165288,332.273983834712,-1107.110111429963,-1107.064337076996,-1102.3590191064216,-1107.171396848577,-1106.982554059686,632,0.26240942433079273,relative_registered
370,1787909430.329742,7090.19963639,-1110.2301421842012,329.7698578157988,-1110.1167765087669,-1110.0571744361946,-1104.8631451253348,-1109.8659906738442,-1109.9846024579815,611,0.26013626795814565,relative_registered
371,1787909430.430008,7090.29948491,-1113.0757798325724,326.9242201674276,-1113.085187913444,-1113.0652903513535,-1107.708782773706,-1112.754637645497,-1112.9755201080372,590,0.24776818504095102,relative_registered
372,1787909430.5298257,7090.39932599,-1116.163742154103,323.8362578458971,-1116.042138974107,-1116.059958848345,-1110.7967450952365,-1115.622070683602,-1115.9194732671567,623,0.28456668712251676,relative_registered
373,1787909430.6299784,7090.49996123,-1119.3537673477379,320.64623265226214,-1119.0198350310302,-1119.0646771445522,-1113.9867702888714,-1118.885275113009,-1118.8885248593645,655,0.30272077542044645,relative_registered
374,1787909430.7305794,7090.59980323,-1122.854725328974,317.1452746710261,-1122.0583581018182,-1122.0828428589264,-1117.4877282701075,-1122.5441676686357,-1121.9349940830255,590,0.2911191077044323,relative_registered
375,1787909430.8298655,7090.69964193,-1125.7044245119603,314.29557548803973,-1125.1279979778951,-1125.0615604290495,-1120.3374274530938,-1125.2903987812974,-1125.0084511980792,584,0.3395602659734444,relative_registered
376,1787909430.9310265,7090.79947699,-1127.8088803059886,312.1911196940114,-1128.1015620974465,-1128.0965282632505,-1122.4418832471222,-1126.9908994082039,-1127.9890411633005,562,0.31850513136424285,relative_registered
377,1787909431.0318537,7090.89931403,-1131.6940029674674,308.30599703253256,-1131.1050921451672,-1131.1214820626462,-1126.327005908601,-1131.2904114495864,-1130.9899489998934,624,0.32689573286765256,relative_registered
378,1787909431.1309128,7090.99996775,-1134.4364583040283,305.5635416959717,-1134.04495840106,-1134.0933900891018,-1129.0694612451618,-1133.9709219339259,-1133.90905000009,581,0.28778351427360277,relative_registered
379,1787909431.2305462,7091.09981915,-1137.259233216114,302.7407667838861,-1137.0580816680097,-1137.0825294083047,-1131.8922361572475,-1136.8645577734735,-1136.9022177533986,551,0.29039374807039775,relative_registered
380,1787909431.330694,7091.19964405,-1140.2296320996961,299.7703679003039,-1140.0625872486937,-1140.0870974939896,-1134.8626350408297,-1139.3936397609677,-1139.5225893318827,598,0.3268339513906917,relative_registered
381,1787909431.4299853,7091.29948977,-1143.5677572079956,296.43224279200444,-1143.0101892751388,-1143.065972427517,-1138.200760149129,-1142.5971140091042,-1142.4420819718955,585,0.3908403881845716,relative_registered
382,1787909431.5296319,7091.39933131,-1146.6762341198544,293.32376588014563,-1145.964188982902,-1146.0555051552299,-1141.309237060988,-1146.0841427057771,-1145.3936189086842,602,0.2983891099988429,relative_registered
383,1787909431.6306524,7091.49997485,-1149.737717342924,290.26228265707596,-1148.9658653952029,-1149.0862599419306,-1144.3707202840576,-1148.9362430102135,-1148.4452063391734,568,0.3205010042192599,relative_registered
384,1787909431.7322047,7091.59980917,-1151.795051426207,288.204948573793,-1151.9412732934998,-1152.1329656555,-1146.4280543673406,-1150.9879885993353,-1151.5040138910622,560,0.3697662450699447,relative_registered
385,1787909431.8429651,7091.69963253,-1154.6278823443795,285.3721176556205,-1154.9547506285055,-1155.4559299778186,-1149.260885285513,-1153.1861758237576,-1154.6154072685008,607,0.34172343640282477,relative_registered
386,1787909431.9297829,7091.79945205,-1158.5614254078057,281.4385745921943,-1157.9899729797644,-1158.0605804306726,-1153.1944283489393,-1158.219771154936,-1157.734469282413,641,0.30899091278873403,relative_registered
387,1787909432.0307357,7091.89929549,-1160.9409171548198,279.0590828451802,-1160.9985445248406,-1161.0893037988842,-1155.5739200959533,-1160.1770302585765,-1160.8320462257473,634,0.24634202060193125,relative_registered
388,1787909432.1312447,7091.99993891,-1164.7315477402665,275.2684522597335,-1164.044588667723,-1164.104708500805,-1159.3645506814,-1164.057179962071,-1163.9877768028239,622,0.28155326398725233,relative_registered
389,1787909432.2301695,7092.09977821,-1167.0095443428825,272.99045565711754,-1167.0382831367253,-1167.0725894546924,-1161.642547284016,-1166.7221618548379,-1167.0619513797792,629,0.283235585092817,relative_registered
390,1787909432.330625,7092.19961383,-1170.3942922175856,269.60570778241436,-1170.067187075095,-1170.0863919110443,-1165.0272951587192,-1170.3098722937689,-1170.166294959974,667,0.32105477655134684,relative_registered
391,1787909432.43055,7092.29947827,-1173.8990147805214,266.1009852194786,-1173.1272775955276,-1173.0842792049377,-1168.532017721655,-1174.1035774722473,-1173.2913157830512,621,0.3313284321226899,relative_registered
392,1787909432.530347,7092.39931421,-1176.7888783100925,263.2111216899075,-1176.152419605247,-1176.0783254011951,-1171.421881251226,-1177.2795509208763,-1176.3199047152827,577,0.38165563592703866,relative_registered
393,1787909432.631023,7092.49995205,-1179.1273132821764,260.8726867178236,-1179.1953337616255,-1179.0987371205183,-1173.76031622331,-1179.2112263071408,-1179.382199502689,594,0.43408110963069724,relative_registered
394,1787909432.7316175,7092.59979245,-1182.603197264614,257.396802735386,-1182.2765452214785,-1182.1167097070784,-1177.2362002057475,-1182.4108075587005,-1182.445075085687,595,0.37804953940051766,relative_registered
395,1787909432.843726,7092.69964007,-1185.824308279011,254.1756917209891,-1185.261169314603,-1185.4801164242465,-1180.4573112201444,-1185.3601386578737,-1185.371669337493,587,0.33575557005717466,relative_registered
396,1787909432.937489,7092.79947873,-1188.731444959483,251.26855504051696,-1188.196650679715,-1188.2931374827524,-1183.3644479006166,-1188.5713832885308,-1188.2088700386944,529,0.39955698141090074,relative_registered
397,1787909433.0311358,7092.89931453,-1191.1505886964817,248.8494113035183,-1191.2150134416122,-1191.1026679348404,-1185.7835916376152,-1190.5567584759858,-1191.2013307501181,556,0.291709566837141,relative_registered
398,1787909433.1314702,7092.99994951,-1194.3701501496612,245.62984985033881,-1194.196538298723,-1194.1128367271344,-1189.0031530907947,-1193.8670224648124,-1194.096467912316,600,0.28520843892491393,relative_registered
399,1787909433.2317536,7093.09978233,-1198.0494806533045,241.9505193466955,-1197.1648861461977,-1197.1214748026794,-1192.682483594438,-1197.4624829504678,-1196.9583198369849,535,0.2679853498421812,relative_registered
400,1787909433.330067,7093.19961019,-1200.5152560305114,239.4847439694886,-1200.1071264444738,-1200.0710086142274,-1195.148258971645,-1200.429046988039,-1200.1905592808776,539,0.31452350009724,relative_registered
401,1787909433.4298205,7093.29946123,-1202.8394394815655,237.16056051843452,-1203.1022943481382,-1203.06375298596,-1197.472442422699,-1202.6482038899223,-1203.1742686771,511,0.29130934017916604,relative_registered
402,1787909433.5348592,7093.39931529,-1206.529896372061,233.4701036279389,-1206.1241998937837,-1206.2150552930702,-1201.1628993131947,-1206.3569261085656,-1206.19237146446,485,0.3257520354615714,relative_registered
403,1787909433.631283,7093.49993657,-1209.540378555601,230.4596214443991,-1209.131381030963,-1209.1079025147383,-1204.1733814967345,-1209.3194304615422,-1209.2119104094854,490,0.26425255221453003,relative_registered
404,1787909433.7302423,7093.59976835,-1212.1888288552689,227.81117114473113,-1212.0693484738074,-1212.0768134836344,-1206.8218317964024,-1212.0023831606209,-1212.189569958129,494,0.2555725126367765,relative_registered
405,1787909433.830317,7093.69962289,-1215.4834718352379,224.51652816476212,-1215.0795805442303,-1215.079192787426,-1210.1164747763714,-1215.1937220011578,-1215.1881669546256,471,0.27168984925143275,relative_registered
406,1787909433.929996,7093.79945443,-1218.7428947225176,221.25710527748242,-1218.1620481874618,-1218.0696983070916,-1213.3758976636511,-1218.5161489748584,-1218.2685866571103,409,0.2809545157402454,relative_registered
407,1787909434.0306463,7093.89930127,-1221.4085824058461,218.59141759415388,-1221.2292046115435,-1221.0893446680404,-1216.0415853469797,-1221.0676205832938,-1221.3319320484015,452,0.3188673087342066,relative_registered
408,1787909434.1317344,7093.99993505,-1224.0845089114355,215.91549108856452,-1224.2494148543879,-1224.1221237203483,-1218.717511852569,-1223.953702060109,-1224.3408935676764,437,0.30811444047632486,relative_registered
409,1787909434.2336488,7094.09977449,-1228.026392376676,211.97360762332391,-1227.2674072228708,-1227.1796946616812,-1222.6593953178096,-1227.7208985912862,-1227.3605911580762,445,0.30907479903659957,relative_registered
410,1787909434.3306053,7094.19960953,-1230.8047265449386,209.1952734550614,-1230.2644434428735,-1230.0885214217456,-1225.4377294860722,-1230.7135510982155,-1230.3586342341007,456,0.2809828133305147,relative_registered
411,1787909434.4302392,7094.29944545,-1233.3295970999766,206.67040290002342,-1233.2574719129814,-1233.0776750467123,-1227.9626000411101,-1233.0783012416332,-1233.35437918085,502,0.28911455850405965,relative_registered
412,1787909434.5300162,7094.39928333,-1236.4649062416408,203.53509375835915,-1236.2464926332138,-1236.0711204008815,-1231.0979091827744,-1236.1814118908476,-1236.3478259983426,437,0.30151709446852043,relative_registered
413,1787909434.6354578,7094.49991827,-1239.7679097311457,200.23209026885434,-1239.2315056035704,-1239.2345110785782,-1234.4009126722792,-1239.4775623334278,-1239.3389746865782,401,0.3644742541990568,relative_registered
414,1787909434.7298472,7094.59974805,-1243.2752943107012,196.72470568929884,-1242.2125108240516,-1242.0663227581078,-1237.9082972518347,-1242.9751744139564,-1242.327825245557,448,0.2714020202712792,relative_registered
415,1787909434.8298066,7094.69960305,-1245.9258659239483,194.07413407605168,-1245.189508294657,-1245.0652400670099,-1240.5588688650819,-1245.8380686540945,-1245.314377675279,440,0.3113205761764547,relative_registered
416,1787909434.9296017,7094.79945553,-1248.2245234454813,191.77547655451872,-1248.1624980153863,-1248.0592290402112,-1242.8575263866148,-1248.1230689477873,-1248.2986319757445,407,0.27860340364695574,relative_registered
417,1787909435.0299132,7094.89928869,-1251.322726376618,188.677273623382,-1251.1314799862403,-1251.0687111558327,-1245.9557293177515,-1251.2365869587281,-1251.2805881469528,416,0.2626784596697923,relative_registered
418,1787909435.1294537,7094.99992859,-1254.2263862766345,185.77361372336554,-1254.0964542072186,-1254.0550608510541,-1248.859389217768,-1254.0749241983522,-1254.2602461889044,407,0.2360360070806331,relative_registered
419,1787909435.2301202,7095.09977799,-1257.2015538083192,182.7984461916808,-1257.057420678321,-1257.0751936079791,-1251.8345567494528,-1256.9207931556837,-1257.2376061015989,449,0.2782878033208237,relative_registered
