run_id,bag,source_bag_sha256,group,omega_deg_s,phase_delta_mod120_deg,phase_residual_std_deg,physical_zero_calibrated,convention
batch_device_1_20261007T005914Z_2e5dcccf/captures/rig_20260828_191635_0_76cf5d06,rig_20260828_191635_0.bag,ca3953218f88a5a4dcd233c29c96bfcee920e3f62ed61e506ee28b5ef3c6d986,normal,-29.998647614108066,-32.43723241935143,0.44271870450750006,False,"Common ellipse-normalized H5 phase / 3, modulo 120 degrees; empirical sensor phase."
batch_device_1_20261007T005914Z_2e5dcccf/captures/rig_20260828_191845_0_7bf922da,rig_20260828_191845_0.bag,c852bf9c0df565a01e6ed451a42fcd105acb37a97a4f1d6545f0ffe89c6e798d,normal,59.99803105623585,-34.59589202054218,0.49449537449136344,False,"Common ellipse-normalized H5 phase / 3, modulo 120 degrees; empirical sensor phase."
batch_device_1_20261007T005914Z_2e5dcccf/captures/rig_20260828_192028_0_299adaaa,rig_20260828_192028_0.bag,f2be2a1e71b034b5ee3cfc1ee431e3c5862ea0feca889312f5c84e9418cd9ee4,normal,59.99911889440577,-34.8917103880688,0.4789801317228496,False,"Common ellipse-normalized H5 phase / 3, modulo 120 degrees; empirical sensor phase."
batch_device_1_20261007T005914Z_2e5dcccf/captures/rig_20260828_192202_0_e3234bee,rig_20260828_192202_0.bag,9e30a562f0d4d2d5a1a5b3023af12c5305b3f80cc89f56fa9fbb56d2dbee03b4,normal,-89.9953830055301,-30.755413198882216,0.5177699638815844,False,"Common ellipse-normalized H5 phase / 3, modulo 120 degrees; empirical sensor phase."
batch_device_1_20261007T005914Z_2e5dcccf/captures/rig_20260828_192433_0_ccaccd50,rig_20260828_192433_0.bag,4342dec1fc61f39598729fd1076d9b121709048bf6ffe9cf000abd97a4055488,normal,29.99863937530671,-33.632238264306494,0.4677374110667602,False,"Common ellipse-normalized H5 phase / 3, modulo 120 degrees; empirical sensor phase."
batch_device_1_20261007T005914Z_2e5dcccf/captures/rig_20260828_192618_0_5f6216ce,rig_20260828_192618_0.bag,7e798f5f5ce451fd8e0c4654fc4705b29d0a8544d7dc35a66c9ef522693220c3,normal,-59.9968379865122,-31.562137379233615,0.5147643965700567,False,"Common ellipse-normalized H5 phase / 3, modulo 120 degrees; empirical sensor phase."
batch_device_1_20261007T005914Z_2e5dcccf/captures/rig_20260828_192752_0_8e324475,rig_20260828_192752_0.bag,dd14f35865a0259c528c4e0661e32c60fd54b11ba49138c3244d8740917d7c80,normal,89.99661892357156,-35.71156691284627,0.5813027078644775,False,"Common ellipse-normalized H5 phase / 3, modulo 120 degrees; empirical sensor phase."
batch_device_1_20261007T005914Z_2e5dcccf/captures/rig_20260828_192952_0_c0852c50,rig_20260828_192952_0.bag,e940d2b9c93814cf339f4ea03a121360ba53a7af447312c49c4be171ccc15012,red,-29.998996483988577,-30.851635003063134,0.42340347804299017,False,"Common ellipse-normalized H5 phase / 3, modulo 120 degrees; empirical sensor phase."
batch_device_1_20261007T005914Z_2e5dcccf/captures/rig_20260828_193136_0_9742e88f,rig_20260828_193136_0.bag,b905c454bbb85f2bbc3a8828c3429689b8395ad5abefe98017a6a572714bad92,red,59.99930621712798,-32.98389281331875,0.5136925353782004,False,"Common ellipse-normalized H5 phase / 3, modulo 120 degrees; empirical sensor phase."
batch_device_1_20261007T005914Z_2e5dcccf/captures/rig_20260828_193309_0_4dc5046b,rig_20260828_193309_0.bag,2dc7b129540424e98ac10d200664c49b37b0ea338f99fcf8003d8430d33007cf,red,-89.9957016121856,-29.354769976728367,0.49528656308126534,False,"Common ellipse-normalized H5 phase / 3, modulo 120 degrees; empirical sensor phase."
