frame_index,time_s,local_rpm,rejected_branch_boundary
0,0.0,-5.004149226879013,False
1,0.008620023727416992,-5.004149226879013,False
2,0.03742837905883789,-5.011821431629975,False
3,0.06616926193237305,-5.005256587416615,False
4,0.09476041793823242,-5.004736594630795,False
5,0.12295675277709961,-5.004736594630795,False
6,0.15271782875061035,-5.002323488824265,False
7,0.1802678108215332,-5.002323488824265,False
8,0.2090001106262207,-4.998472202180471,False
9,0.23771452903747559,-5.008145364945129,False
10,0.26576662063598633,-5.008145364945129,False
11,0.29453396797180176,-5.001563525679029,False
12,0.3230001926422119,-5.005045216491422,False
13,0.3516385555267334,-5.012208206342771,False
14,0.38004040718078613,-5.012208206342771,False
15,0.40894556045532227,-5.005095851336313,False
16,0.4374370574951172,-5.010313287574566,False
17,0.4659464359283447,-5.011793499225978,False
18,0.4946885108947754,-5.004078389251835,False
19,0.5230038166046143,-5.004078389251835,False
20,0.5518555641174316,-5.007380307318788,False
21,0.5802097320556641,-5.006605683260164,False
22,0.6088542938232422,-5.007630954425334,False
23,0.6373589038848877,-5.010789253678993,False
24,0.6661427021026611,-5.006662939531947,False
25,0.6946108341217041,-5.003731422393568,False
26,0.7231996059417725,-5.003731422393568,False
27,0.7521836757659912,-5.007980744661037,False
28,0.7804455757141113,-5.007980744661037,False
29,0.8089537620544434,-5.00841916971421,False
30,0.8374555110931396,-5.010802759440947,False
31,0.865936279296875,-5.011388748100509,False
32,0.8947334289550781,-5.009505401424939,False
33,0.9230928421020508,-5.010029713206159,False
34,0.951754093170166,-5.011277824605352,False
35,0.9806549549102783,-5.0062632733725945,False
36,1.0087802410125732,-5.003484292647125,False
37,1.0372858047485352,-5.004395283842437,False
38,1.0660300254821777,-5.0044144220040305,False
39,1.0945789813995361,-5.001757718835925,False
40,1.1342308521270752,-5.006919688410322,False
41,1.1519556045532227,-5.006919688410322,False
42,1.1803765296936035,-5.005933117761804,False
43,1.209031581878662,-5.00958068172729,False
44,1.2374777793884277,-5.00958068172729,False
45,1.2660808563232422,-5.010707092155342,False
46,1.2947006225585938,-5.0073959833574175,False
47,1.3232059478759766,-5.006925274965178,False
48,1.3802659511566162,-5.003291034367364,False
49,1.409045696258545,-5.001339935269349,False
50,1.4375405311584473,-5.002137783821126,False
51,1.4661445617675781,-4.999451301324038,False
52,1.4945471286773682,-4.996523975532957,False
53,1.5233278274536133,-4.999703343723884,False
54,1.5520241260528564,-4.999245382600603,False
55,1.5803027153015137,-4.998471858020209,False
56,1.6091299057006836,-4.999296810354397,False
57,1.6375093460083008,-5.0011520611487486,False
58,1.666085958480835,-5.000723165655791,False
59,1.6945996284484863,-4.99811971664744,False
60,1.7232213020324707,-4.9993168677920155,False
61,1.7519729137420654,-5.000148489552114,False
62,1.780529499053955,-4.997498025396669,False
63,1.8090002536773682,-4.998094764785549,False
64,1.8374929428100586,-5.000714420101441,False
65,1.866297721862793,-4.999707304859378,False
66,1.8947608470916748,-4.999306418354958,False
67,1.9234578609466553,-5.001966766962333,False
68,1.9522168636322021,-5.001596807727076,False
69,1.980419397354126,-4.9998775409508545,False
70,2.0089423656463623,-4.997539536551889,False
71,2.037545919418335,-4.999946224666532,False
72,2.066965341567993,-5.001111607882692,False
73,2.0946991443634033,-5.000766112216372,False
74,2.123624801635742,-5.001251591698085,False
75,2.151968240737915,-4.999925892810074,False
76,2.1807987689971924,-4.99705434920969,False
77,2.2088966369628906,-4.995675627919588,False
78,2.2375988960266113,-4.998335908705646,False
79,2.2663536071777344,-4.993443100049161,False
80,2.294830799102783,-4.993069107502386,False
81,2.3232579231262207,-4.994930607450338,False
82,2.3521888256073,-4.993784200617751,False
83,2.3805108070373535,-4.989316793158651,False
84,2.4090726375579834,-4.990582619648597,False
85,2.4377262592315674,-4.989509209234819,False
86,2.467120409011841,-4.983136382069671,False
87,2.4949190616607666,-4.981781611588439,False
88,2.5232114791870117,-4.981437973606066,False
89,2.5522429943084717,-4.98225802796481,False
90,2.580512762069702,-4.9837933282947064,False
91,2.609016180038452,-4.985505913408465,False
92,2.6377105712890625,-4.989468212045404,False
93,2.66621470451355,-4.987788039544596,False
94,2.694908618927002,-4.990332132307857,False
95,2.7236459255218506,-4.99552954214472,False
96,2.752347946166992,-4.996129656787582,False
97,2.7804367542266846,-4.99819245746481,False
98,2.809154748916626,-5.002586284001919,False
99,2.8375930786132812,-5.005285023381467,False
100,2.8665006160736084,-5.004702242742195,False
101,2.894775629043579,-5.005819788570954,False
102,2.9234209060668945,-5.00597850415522,False
103,2.9526634216308594,-5.010167315587449,False
104,2.980642557144165,-5.007781494717855,False
105,3.0090744495391846,-5.009922014144278,False
106,3.037710428237915,-5.012797154056686,False
107,3.066922903060913,-5.012491140151577,False
108,3.0949900150299072,-5.012118760261147,False
109,3.123436450958252,-5.011424746982483,False
110,3.152294158935547,-5.014643114609664,False
111,3.1809942722320557,-5.010519641619658,False
112,3.2101707458496094,-5.010661599114542,False
113,3.238111734390259,-5.009711309854278,False
114,3.266972780227661,-5.0054185429843665,False
115,3.294858932495117,-5.0049698305892205,False
116,3.323276996612549,-5.005397392503048,False
117,3.3522696495056152,-5.00214946017714,False
118,3.380618095397949,-4.99861545971588,False
119,3.4105353355407715,-4.995894581419916,False
120,3.4379498958587646,-4.995237845435794,False
121,3.466564416885376,-4.994013351030769,False
122,3.4949533939361572,-4.9902968026171495,False
123,3.5235512256622314,-4.992258797899193,False
124,3.552375555038452,-4.9897768222738,False
125,3.580660343170166,-4.989337745948266,False
126,3.609483003616333,-4.991938143254418,False
127,3.637824773788452,-4.991232123890492,False
128,3.6662235260009766,-4.992622899569919,False
129,3.6948940753936768,-4.994885404939412,False
130,3.723478317260742,-4.996462242798877,False
131,3.7524585723876953,-4.998779305970139,False
132,3.7806859016418457,-5.000141739616398,False
133,3.8093044757843018,-5.001883499794288,False
134,3.8379857540130615,-5.005602293906218,False
135,3.8663079738616943,-5.005602293906218,False
136,3.895050048828125,-5.005441377797998,False
137,3.9236044883728027,-5.0056913491168915,False
138,3.9523653984069824,-5.007744076784656,False
139,3.9807870388031006,-5.004325212795519,False
140,4.009276866912842,-5.0064363501532645,False
141,4.037841081619263,-5.01110884112294,False
142,4.066393136978149,-5.011264688857198,False
143,4.095123529434204,-5.009689557683863,False
144,4.123559951782227,-5.010126121066597,False
145,4.152457237243652,-5.008543332218266,False
146,4.180649280548096,-5.006135025999877,False
147,4.209299802780151,-5.002778179280958,False
148,4.237889528274536,-5.001638966836498,False
149,4.266644716262817,-4.997980264114143,False
150,4.295161008834839,-4.994318880159754,False
151,4.323779106140137,-4.993293462161785,False
152,4.352291107177734,-4.991807869183185,False
153,4.3807878494262695,-4.988367860564791,False
154,4.40920352935791,-4.986169987295379,False
155,4.438022613525391,-4.980504914288935,False
156,4.466759443283081,-4.97894210844616,False
157,4.495046377182007,-4.976766895794936,False
158,4.534874677658081,-4.979842793981942,False
159,4.552597761154175,-4.981950858307531,False
160,4.580812692642212,-4.982036887125626,False
161,4.609249830245972,-4.98413925208822,False
162,4.638086557388306,-4.9904041004980835,False
163,4.666352987289429,-4.99186849959344,False
164,4.69516921043396,-4.9953620921732504,False
165,4.7235541343688965,-4.997536228821891,False
166,4.752691268920898,-5.001592809035128,False
167,4.780883550643921,-5.003418466727436,False
168,4.80945348739624,-5.007489072599082,False
169,4.837769508361816,-5.007489072599082,False
170,4.866846799850464,-5.008309286004894,False
171,4.8951756954193115,-5.00907956484241,False
172,4.923774719238281,-5.0126392292671795,False
173,4.952865123748779,-5.015062418976556,False
174,4.980824708938599,-5.016998569319528,False
175,5.009383916854858,-5.017780755335289,False
176,5.038089752197266,-5.0214658853592935,False
177,5.066984176635742,-5.017140295236673,False
178,5.095120429992676,-5.017140295236673,False
179,5.12371826171875,-5.01685351091774,False
180,5.1525068283081055,-5.016624680654967,False
181,5.180843353271484,-5.014641054602696,False
182,5.20940899848938,-5.014065441300877,False
183,5.238953351974487,-5.012936454948824,False
184,5.266438961029053,-5.012936454948824,False
185,5.295114755630493,-5.010064881603411,False
186,5.323712110519409,-5.008697733325319,False
187,5.352608680725098,-5.004559633744759,False
188,5.380906581878662,-5.00274549713605,False
189,5.409651517868042,-4.9983302667821645,False
190,5.438194274902344,-4.997983848956025,False
191,5.466716051101685,-4.99640274985705,False
192,5.495089769363403,-4.99583018110325,False
193,5.523826360702515,-5.000642503880068,False
194,5.552483558654785,-4.998064450297417,False
195,5.581353425979614,-4.992771107226479,False
196,5.609463691711426,-4.993686877039405,False
197,5.638002157211304,-4.996414504437803,False
198,5.666543960571289,-5.000767692356457,False
199,5.69500732421875,-4.997242196624718,False
200,5.723901033401489,-4.998750874171057,False
201,5.7526960372924805,-5.001134616593544,False
202,5.780969858169556,-4.998337269711345,False
203,5.809375524520874,-4.995646915399437,False
204,5.8379340171813965,-5.0006940724732685,False
205,5.866659641265869,-5.002313567910517,False
206,5.895293951034546,-4.999052161906848,False
207,5.923939943313599,-5.0022215693999685,False
208,5.9526166915893555,-5.004463398099559,False
209,5.980898141860962,-5.002598656842042,False
210,6.009421110153198,-5.00206018328654,False
211,6.03838849067688,-5.003228242456695,False
212,6.066504955291748,-5.003889304738994,False
213,6.095468759536743,-4.9979517503033195,False
214,6.123807430267334,-4.996966275649817,False
215,6.152529716491699,-4.996380705794668,False
216,6.180939674377441,-4.99301168346479,False
217,6.209386587142944,-4.992556969677103,False
218,6.238073825836182,-4.992756725639222,False
219,6.266581296920776,-4.9899248920146375,False
220,6.295510292053223,-4.988341368214989,False
221,6.33105731010437,-4.9882743683392485,False
222,6.35260534286499,-4.9882743683392485,False
223,6.381101131439209,-4.981490624925413,False
224,6.4097466468811035,-4.979866963898091,False
225,6.438848972320557,-4.979297113325524,False
226,6.4666736125946045,-4.979297113325524,False
227,6.495564699172974,-4.97754906814924,False
228,6.523760795593262,-4.977735126320575,False
229,6.567538022994995,-4.981078547825925,False
230,6.581103086471558,-4.981078547825925,False
231,6.609573602676392,-4.983727840877333,False
232,6.638078689575195,-4.984763217271825,False
233,6.666677713394165,-4.9842506806829565,False
234,6.69512152671814,-4.98653523527273,False
235,6.7240142822265625,-4.988693332679047,False
236,6.75304651260376,-4.987949278598967,False
237,6.7811439037323,-4.987665078315692,False
238,6.810105323791504,-4.99193950883122,False
239,6.838261842727661,-4.993567556006053,False
240,6.866875410079956,-4.993998083006855,False
241,6.89535117149353,-4.994768546124117,False
242,6.923999309539795,-4.997457448947517,False
243,6.9528279304504395,-4.997104920158445,False
244,6.980933904647827,-4.997169286895408,False
245,7.009568214416504,-5.0002469179734925,False
246,7.03839635848999,-5.002261036256587,False
247,7.0669074058532715,-4.999672887290478,False
248,7.095346212387085,-4.999672887290478,False
249,7.123956203460693,-5.000276893817249,False
250,7.153211355209351,-4.999402133860425,False
251,7.181928634643555,-5.000535913891954,False
252,7.210048675537109,-5.003489540945673,False
253,7.238304376602173,-5.004846589538766,False
254,7.2669641971588135,-5.003710130231206,False
255,7.295560359954834,-5.004374973155045,False
256,7.324184894561768,-5.004018539332884,False
257,7.353732585906982,-5.003898302660093,False
258,7.381283760070801,-5.002232819712504,False
259,7.4097113609313965,-5.002084512078925,False
260,7.438516855239868,-5.004780261860788,False
261,7.467125415802002,-5.004944168650097,False
262,7.495643377304077,-5.008692128696656,False
263,7.524416923522949,-5.012491720970643,False
264,7.552842378616333,-5.012491720970643,False
265,7.5812742710113525,-5.009987443973716,False
266,7.609728574752808,-5.01330516112261,False
267,7.638523578643799,-5.014389426158645,False
268,7.667001008987427,-5.011625743301378,False
269,7.695455312728882,-5.011684368773181,False
270,7.724610805511475,-5.013575000557508,False
271,7.753101825714111,-5.011356539256801,False
272,7.781466722488403,-5.009991525641939,False
273,7.8097615242004395,-5.009991525641939,False
274,7.838607311248779,-5.015952901190799,False
275,7.866810083389282,-5.017546599750862,False
276,7.895376682281494,-5.019772126227303,False
277,7.924198865890503,-5.023461491063576,False
278,7.953190803527832,-5.02073849652391,False
279,7.981290817260742,-5.018675859300666,False
280,8.010119438171387,-5.017084557353814,False
281,8.038329601287842,-5.017084557353814,False
282,8.066745281219482,-5.01661114335766,False
283,8.095832586288452,-5.012944323359781,False
284,8.13774299621582,-5.011924259218641,False
285,8.1531503200531,-5.0104567746049025,False
286,8.181334018707275,-5.00981154880388,False
287,8.209722757339478,-5.0079202145645825,False
288,8.238383293151855,-5.0067923148439375,False
289,8.26687479019165,-5.004286537464883,False
290,8.295617818832397,-5.002057923171626,False
291,8.324604749679565,-4.996007285138449,False
292,8.35283637046814,-4.996007285138449,False
293,8.381568193435669,-4.99181396854282,False
294,8.410415887832642,-4.989435116213023,False
295,8.438871622085571,-4.988379023730375,False
296,8.467131853103638,-4.987201960730952,False
297,8.495495319366455,-4.987554018910237,False
298,8.524121522903442,-4.9862382007015835,False
299,8.552898645401001,-4.984808307920344,False
300,8.581217527389526,-4.985801352298248,False
301,8.609816551208496,-4.984272239439663,False
302,8.638349294662476,-4.985003196905423,False
303,8.667193174362183,-4.9847826784011735,False
304,8.695868253707886,-4.985208709644489,False
305,8.724085569381714,-4.985208709644489,False
306,8.752835750579834,-4.983743666987114,False
307,8.781186580657959,-4.984778316084222,False
308,8.809785604476929,-4.986491389879614,False
309,8.838608503341675,-4.989201206212258,False
310,8.867202758789062,-4.992900659232806,False
311,8.895667791366577,-4.992366415270484,False
312,8.924361228942871,-4.993681867650349,False
313,8.953150510787964,-4.994891749370565,False
314,8.98137879371643,-4.995108892024267,False
315,9.009828329086304,-4.995757782129382,False
316,9.038675546646118,-4.994789804630508,False
317,9.067102193832397,-4.995001936185354,False
318,9.095703840255737,-4.9944419991761375,False
319,9.124168872833252,-4.993470089380551,False
320,9.153149366378784,-4.987481275929592,False
321,9.181497812271118,-4.989107492203435,False
322,9.210148572921753,-4.987741058655769,False
323,9.238646745681763,-4.9875406891236365,False
324,9.267315149307251,-4.984128376848977,False
325,9.295804738998413,-4.983241333904352,False
326,9.32436466217041,-4.981926028794677,False
327,9.35317063331604,-4.97837043204029,False
328,9.381534814834595,-4.977611385941777,False
329,9.409923553466797,-4.976118398909617,False
330,9.438623428344727,-4.975319621166137,False
331,9.46798324584961,-4.977821252239123,False
332,9.49595332145691,-4.978872669026793,False
333,9.525313377380371,-4.9789969213894745,False
334,9.55377984046936,-4.981234672908354,False
335,9.582272291183472,-4.9840042956199575,False
336,9.610048294067383,-4.983845366928439,False
337,9.638606309890747,-4.986089719948162,False
338,9.677696228027344,-4.990953428075809,False
339,9.695635795593262,-4.990953428075809,False
340,9.72438931465149,-4.994026810680039,False
341,9.753309488296509,-4.996926450012756,False
342,9.781445980072021,-5.00113531087906,False
343,9.81035327911377,-5.0065592705086575,False
344,9.838377475738525,-5.0065592705086575,False
345,9.866995334625244,-5.01098649092362,False
346,9.89567756652832,-5.020284198201353,False
347,9.92430305480957,-5.0212814628231355,False
348,9.952907085418701,-5.022252908780592,False
349,9.98215126991272,-5.025370360309696,False
350,10.010236740112305,-5.022898388359059,False
351,10.038902282714844,-5.023244224543401,False
352,10.0676109790802,-5.020631560647843,False
353,10.096022605895996,-5.018794033764634,False
354,10.124518632888794,-5.01761939369637,False
355,10.153144359588623,-5.015307596499452,False
356,10.181445121765137,-5.011898627823296,False
357,10.210076570510864,-5.011814339033276,False
358,10.240333557128906,-5.004861561352047,False
359,10.267191648483276,-5.004861561352047,False
360,10.29602837562561,-5.0010052831732255,False
361,10.324424028396606,-4.996208075305471,False
362,10.353299617767334,-4.9947601308201115,False
363,10.38167929649353,-4.993749882695842,False
364,10.410091876983643,-4.992779510483788,False
365,10.43876051902771,-4.99280661949394,False
366,10.467273473739624,-4.99423805699985,False
367,10.495813608169556,-4.995888643694125,False
368,10.525018453598022,-4.998179408401962,False
369,10.553476333618164,-4.997128019750538,False
370,10.581372261047363,-4.998339666586721,False
371,10.61020803451538,-5.000240167556599,False
372,10.638684511184692,-5.00154430193236,False
373,10.667344570159912,-5.003085307609522,False
374,10.695951461791992,-5.004766900774077,False
375,10.724849700927734,-5.008702844521488,False
376,10.753859043121338,-5.010207661108869,False
377,10.781583309173584,-5.0121242873253165,False
378,10.81017255783081,-5.0121242873253165,False
379,10.838621616363525,-5.016627894603956,False
380,10.86954402923584,-5.020421015351197,False
381,10.895841121673584,-5.0229518444055685,False
382,10.924612283706665,-5.023152749051101,False
383,10.953452110290527,-5.024869171242648,False
384,10.981404781341553,-5.024869171242648,False
385,11.010188341140747,-5.0261928605974395,False
386,11.039468050003052,-5.024021189879784,False
387,11.067333459854126,-5.024021189879784,False
388,11.0958890914917,-5.0230130326319395,False
389,11.124745607376099,-5.019537733354114,False
390,11.153783798217773,-5.018785524110547,False
391,11.18140959739685,-5.018454168296448,False
392,11.210906982421875,-5.017489403030605,False
393,11.238657712936401,-5.017489403030605,False
394,11.267734289169312,-5.012788267631737,False
395,11.296153545379639,-5.010527326590519,False
396,11.32441234588623,-5.010527326590519,False
397,11.353221416473389,-5.008191886900986,False
398,11.381922721862793,-5.001474175740127,False
399,11.410300493240356,-4.998955547614345,False
400,11.438961267471313,-4.997784418193297,False
401,11.467670440673828,-4.997456912436236,False
402,11.496176958084106,-4.994843876135207,False
403,11.5249502658844,-4.997537630253087,False
404,11.55364203453064,-4.996406822367342,False
405,11.58173680305481,-4.995170361611819,False
406,11.610722780227661,-4.997839179464983,False
407,11.6388578414917,-4.998519265067501,False
408,11.667478084564209,-4.999982259598169,False
409,11.696150541305542,-4.999072004185208,False
410,11.724554061889648,-4.999072004185208,False
411,11.75416898727417,-5.0010836100782505,False
412,11.781436920166016,-5.0010836100782505,False
413,11.810194492340088,-5.003242729115974,False
414,11.838765144348145,-5.007005709490049,False
415,11.867630958557129,-5.005432904917953,False
416,11.895960807800293,-5.010215188708714,False
417,11.924625873565674,-5.011515202280829,False
418,11.953406810760498,-5.01314324981359,False
419,11.981631994247437,-5.013780206965618,False
420,12.010204553604126,-5.010696572247376,False
421,12.03888463973999,-5.011665599588433,False
422,12.067710161209106,-5.005745856083082,False
423,12.09641146659851,-5.003684157195762,False
424,12.124506950378418,-5.003684157195762,False
425,12.154402732849121,-5.000128193116009,False
426,12.18162727355957,-4.998204483897324,False
427,12.21056842803955,-4.995753569016094,False
428,12.238923788070679,-4.992512568305544,False
429,12.267537832260132,-4.9934042483896155,False
430,12.295976161956787,-4.988634355489526,False
431,12.324423789978027,-4.985926228444774,False
432,12.353933334350586,-4.98650984391184,False
433,12.38172173500061,-4.98650984391184,False
434,12.41048812866211,-4.985906945878186,False
435,12.43912124633789,-4.9858907775585495,False
436,12.467967987060547,-4.987710861001374,False
437,12.495959997177124,-4.984561525162673,False
438,12.524503946304321,-4.983693065365239,False
439,12.55441665649414,-4.985845613899037,False
440,12.581710577011108,-4.985845613899037,False
441,12.610413551330566,-4.985885635717202,False
442,12.639101266860962,-4.988717676514225,False
443,12.668138265609741,-4.9861575313600826,False
444,12.696142435073853,-4.9861575313600826,False
445,12.72467589378357,-4.9865018733752935,False
446,12.753535985946655,-4.988295304851115,False
447,12.782350063323975,-4.985817524680964,False
448,12.81023645401001,-4.987074463407029,False
449,12.839012384414673,-4.989343128241458,False
450,12.86746072769165,-4.989947549492729,False
451,12.896222114562988,-4.988183997208037,False
452,12.9250967502594,-4.9889057445945335,False
453,12.954081058502197,-4.989217893170108,False
454,12.981832265853882,-4.989441870756486,False
455,13.01039743423462,-4.986999714644113,False
456,13.038981199264526,-4.986194958000034,False
457,13.06749153137207,-4.986490315221123,False
458,13.095958232879639,-4.9833519262513954,False
459,13.124935865402222,-4.985726027572433,False
460,13.153632402420044,-4.985726027572433,False
461,13.182068824768066,-4.984851012686497,False
462,13.210971117019653,-4.988697594632968,False
463,13.238952875137329,-4.989014002307332,False
464,13.267770528793335,-4.988261101835893,False
465,13.296247720718384,-4.9862958107582465,False
466,13.32477355003357,-4.986718658977933,False
467,13.35357403755188,-4.98852387958303,False
468,13.38183879852295,-4.985249340739347,False
469,13.410471200942993,-4.984389958114904,False
470,13.440120935440063,-4.987747787642096,False
471,13.468005657196045,-4.984590400840474,False
472,13.49675178527832,-4.9847722240635335,False
473,13.525090456008911,-4.98961979289858,False
474,13.553869009017944,-4.989772132147045,False
475,13.581919431686401,-4.988350119782999,False
476,13.610962867736816,-4.989737910094281,False
477,13.639161109924316,-4.990770600983153,False
478,13.667558908462524,-4.990388031227222,False
479,13.696423768997192,-4.987875429517136,False
480,13.724853754043579,-4.989110653059693,False
481,13.754241466522217,-4.98821544296774,False
482,13.781858205795288,-4.98821544296774,False
483,13.810563087463379,-4.99004737329276,False
484,13.83917760848999,-4.992389423640094,False
485,13.868420600891113,-4.993999823484189,False
486,13.896247863769531,-4.9954600427794515,False
487,13.925193786621094,-4.9996467299716825,False
488,13.953592777252197,-4.9996467299716825,False
489,13.981992959976196,-4.996580607672992,False
490,14.010393619537354,-4.99398750438185,False
491,14.039011001586914,-4.997755389353052,False
492,14.067882061004639,-4.996944261858806,False
493,14.096258163452148,-4.997893904317562,False
494,14.124711513519287,-4.997935978192225,False
495,14.15373945236206,-4.998326065198776,False
496,14.182096481323242,-4.992526681593406,False
497,14.210710525512695,-4.992526681593406,False
498,14.239019393920898,-4.9943591958020415,False
499,14.26785945892334,-4.989253244464268,False
500,14.296584606170654,-4.990567674346145,False
501,14.324867248535156,-4.99280119815538,False
502,14.353677988052368,-4.990163057081899,False
503,14.382497072219849,-4.987312433635528,False
504,14.410491228103638,-4.989908140802124,False
505,14.439146041870117,-4.98915177104448,False
506,14.467876434326172,-4.990207002891899,False
507,14.496246099472046,-4.98782607200988,False
508,14.52501368522644,-4.987471144240552,False
509,14.553868055343628,-4.991630199421256,False
510,14.582092761993408,-4.99303766864091,False
511,14.610808849334717,-4.995875009188247,False
512,14.639280080795288,-5.004108081556295,False
513,14.667692422866821,-5.0010433599386195,False
514,14.696627140045166,-5.00440896915961,False
515,14.725220680236816,-5.006472193285227,False
516,14.754037380218506,-5.009475014615736,False
517,14.782090663909912,-5.011075767242631,False
518,14.810654163360596,-5.014885962114863,False
519,14.839259386062622,-5.017309726166748,False
520,14.867716312408447,-5.017089632311067,False
521,14.896435737609863,-5.015558212886948,False
522,14.924850940704346,-5.015064200545278,False
523,14.954092741012573,-5.017291226108148,False
524,14.982133865356445,-5.015452643404314,False
525,15.010406255722046,-5.015752146276712,False
526,15.039214611053467,-5.017058790324872,False
527,15.068103075027466,-5.012797112911965,False
528,15.096395492553711,-5.013638703374919,False
529,15.124974489212036,-5.014482059700421,False
530,15.153804302215576,-5.012532161939994,False
531,15.182039260864258,-5.010595618211241,False
532,15.210745811462402,-5.010047160235837,False
533,15.239246606826782,-5.008959933854261,False
534,15.26785159111023,-5.0066863291486925,False
535,15.296937704086304,-5.002457820205313,False
536,15.325071334838867,-5.001651184120126,False
537,15.354093313217163,-4.998465668192023,False
538,15.38210678100586,-4.998465668192023,False
539,15.410670518875122,-4.997369408545702,False
540,15.439356803894043,-4.996557921320748,False
541,15.46790623664856,-4.994236556778671,False
542,15.496574878692627,-4.995159423650973,False
543,15.52508282661438,-4.998354900283465,False
544,15.557225942611694,-5.001026637099045,False
545,15.582542657852173,-5.002038625754876,False
546,15.610908508300781,-5.00349358659783,False
547,15.639209985733032,-5.00349358659783,False
548,15.667860984802246,-5.004641459595473,False
549,15.696481466293335,-5.006775297226635,False
550,15.725250005722046,-5.0086440489925295,False
551,15.754112720489502,-5.010947860383136,False
552,15.782135009765625,-5.0117271831125105,False
553,15.81070351600647,-5.01355513441094,False
554,15.839307069778442,-5.016818933659874,False
555,15.867859363555908,-5.0182611167411535,False
556,15.896708250045776,-5.0182811318964236,False
557,15.924948930740356,-5.019424746398453,False
558,15.953990936279297,-5.02084380844036,False
559,15.982411861419678,-5.014570763614426,False
560,16.010592460632324,-5.016185082786545,False
561,16.039441347122192,-5.0192023330802895,False
562,16.067869186401367,-5.018824452106492,False
563,16.09671449661255,-5.017558383463597,False
564,16.129395246505737,-5.013188537597248,False
565,16.1552734375,-5.008384532556252,False
566,16.18231749534607,-5.006391400830977,False
567,16.210760354995728,-5.002305999160353,False
568,16.23940372467041,-4.999212500534461,False
569,16.268341064453125,-4.995828202887563,False
570,16.301597356796265,-4.9907892833330285,False
571,16.325154542922974,-4.988593377852391,False
572,16.353994607925415,-4.987944566008632,False
573,16.3825204372406,-4.982429462196314,False
574,16.410815477371216,-4.979798437830914,False
575,16.440595149993896,-4.979179322614002,False
576,16.469648599624634,-4.978066239031812,False
577,16.49698567390442,-4.979694603274262,False
578,16.52543830871582,-4.983382707961131,False
579,16.55419898033142,-4.983382707961131,False
580,16.582362174987793,-4.9855641437018186,False
581,16.61078667640686,-4.989324389495949,False
582,16.63944411277771,-4.999069779981835,False
583,16.668256759643555,-5.002368176990639,False
584,16.696862936019897,-5.006591836170444,False
585,16.72530746459961,-5.012115340775069,False
586,16.754350423812866,-5.013965129417049,False
587,16.782185554504395,-5.016053916379677,False
588,16.811303853988647,-5.019137735548364,False
589,16.83947992324829,-5.020218408522436,False
590,16.867992401123047,-5.020850565956557,False
591,16.896652221679688,-5.018924780212551,False
592,16.92588210105896,-5.023881116489341,False
593,16.954654932022095,-5.022704614360058,False
594,16.98238754272461,-5.022704614360058,False
595,17.011043787002563,-5.0236663431657504,False
596,17.039966106414795,-5.024817347932998,False
597,17.06822919845581,-5.02465218433003,False
598,17.096771478652954,-5.0200317411266475,False
599,17.125306844711304,-5.017917403833525,False
600,17.15395188331604,-5.0172541015074215,False
601,17.18259334564209,-5.011609027640799,False
602,17.2108793258667,-5.0101230115650095,False
603,17.23960781097412,-5.009124443064623,False
604,17.274564266204834,-5.00534178569658,False
605,17.296879291534424,-5.005774080737521,False
606,17.32550621032715,-5.002824890670466,False
607,17.353810787200928,-5.002824890670466,False
608,17.382304906845093,-4.99910844703482,False
609,17.411064863204956,-4.9926440718076295,False
610,17.439743518829346,-4.994402646242103,False
611,17.46899652481079,-4.99057390424562,False
612,17.496927976608276,-4.990183165410455,False
613,17.52535653114319,-4.989132716784961,False
614,17.554213523864746,-4.993278530562666,False
615,17.582454442977905,-4.99292877627273,False
616,17.611175298690796,-4.995974210064127,False
617,17.639414072036743,-4.995974210064127,False
618,17.668145179748535,-4.9989032924239,False
619,17.69643497467041,-4.997581931270948,False
620,17.725299835205078,-4.999020879765332,False
621,17.75414776802063,-5.001474508301075,False
622,17.782352924346924,-5.0020865730391995,False
623,17.811100482940674,-4.999447866438455,False
624,17.8394935131073,-5.004970156647321,False
625,17.868281602859497,-5.006235456195282,False
626,17.896771669387817,-5.004427518470689,False
627,17.9252290725708,-5.005074945851143,False
628,17.953995943069458,-5.009700823487999,False
629,17.982560396194458,-5.006326119650001,False
630,18.011123657226562,-5.005692787182214,False
631,18.03947615623474,-5.00645324555236,False
632,18.06846785545349,-5.002469736111933,False
633,18.09680414199829,-5.0006771743411536,False
634,18.125319480895996,-5.000112139938173,False
635,18.154918670654297,-4.998933332206554,False
636,18.182312726974487,-4.998933332206554,False
637,18.210898876190186,-4.994455415389431,False
638,18.23965835571289,-4.994671343060089,False
639,18.268213748931885,-4.994671343060089,False
640,18.296725273132324,-4.9909729875294335,False
641,18.325270414352417,-4.989665450969773,False
642,18.354363441467285,-4.986768862935421,False
643,18.383166074752808,-4.983945693568909,False
644,18.41124677658081,-4.9827001808191005,False
645,18.43959903717041,-4.982721961031513,False
646,18.46829915046692,-4.982482009946267,False
647,18.508180141448975,-4.983221466928225,False
648,18.525729656219482,-4.986573784710397,False
649,18.554274559020996,-4.987295160549779,False
650,18.58261489868164,-4.989821295313242,False
651,18.611127614974976,-4.990371081097186,False
652,18.63956069946289,-4.995015570949167,False
653,18.668291807174683,-4.995654651235629,False
654,18.69697666168213,-4.998178479387353,False
655,18.72552227973938,-5.001136965251445,False
656,18.754132747650146,-5.000697272433444,False
657,18.78256630897522,-5.000462817125081,False
658,18.811412572860718,-5.002490545128304,False
659,18.84046196937561,-5.004117480308186,False
660,18.868473529815674,-5.00320649231008,False
661,18.897285223007202,-5.003105362923247,False
662,18.925629377365112,-5.006378528842786,False
663,18.954187631607056,-5.004476730322853,False
664,18.98257565498352,-5.003783699523955,False
665,19.011284112930298,-5.006444335006389,False
666,19.045413970947266,-5.0066804681977235,False
667,19.068331241607666,-5.0066804681977235,False
668,19.096956729888916,-5.0022348789289905,False
669,19.12533140182495,-5.002509016143308,False
670,19.15450119972229,-5.002198299400084,False
671,19.183128595352173,-5.001053437988558,False
672,19.211233377456665,-5.002624101942076,False
673,19.239524602890015,-5.002696194586912,False
674,19.268303871154785,-5.0008298539911635,False
675,19.296919584274292,-5.000738396182955,False
676,19.325578212738037,-5.0014878752330585,False
677,19.354588508605957,-4.998593166840172,False
678,19.382508039474487,-4.998593166840172,False
679,19.41163730621338,-4.997119501690222,False
680,19.440471649169922,-4.997879130418748,False
681,19.468637466430664,-4.995364022601656,False
682,19.49757146835327,-4.996598358991871,False
683,19.525687217712402,-4.99511612455594,False
684,19.554330587387085,-4.996802740655367,False
685,19.58278727531433,-4.9949496660352235,False
686,19.611321687698364,-4.999034568084817,False
687,19.639755725860596,-4.999404069443329,False
688,19.668411254882812,-4.995963862951972,False
689,19.69708251953125,-4.995691852519094,False
690,19.72556710243225,-4.998993690872364,False
691,19.754366874694824,-4.9953904175756625,False
692,19.782678842544556,-4.993254789807782,False
693,19.811166763305664,-4.993254789807782,False
694,19.839921712875366,-4.997686937350264,False
695,19.86855959892273,-4.997767934317111,False
696,19.896928310394287,-5.0014865062563505,False
697,19.92571496963501,-5.007142571040267,False
698,19.954341173171997,-5.004971658752127,False
699,19.982656717300415,-5.0017190849207,False
700,20.011370420455933,-5.002467440454208,False
701,20.0401451587677,-4.999844279077479,False
702,20.068501234054565,-4.9974158853689294,False
703,20.09709644317627,-4.997655297434997,False
704,20.126036882400513,-4.995546611954164,False
705,20.154447078704834,-4.995546611954164,False
706,20.18258833885193,-4.9926299939476175,False
707,20.211531162261963,-4.991764064541858,False
708,20.24029040336609,-4.988065809675911,False
709,20.268440008163452,-4.987075138177501,False
710,20.29706120491028,-4.985260438540933,False
711,20.325658798217773,-4.983097123927659,False
712,20.354440450668335,-4.980792655636315,False
713,20.38269567489624,-4.9781407674519995,False
714,20.4113450050354,-4.978391399607797,False
715,20.439881086349487,-4.976829961335073,False
716,20.46880030632019,-4.976902135440487,False
717,20.49707269668579,-4.975887105882369,False
718,20.52570104598999,-4.977463108045505,False
719,20.55429220199585,-4.978216227790508,False
720,20.582956552505493,-4.980686111577191,False
721,20.611433506011963,-4.98239166760393,False
722,20.639914751052856,-4.983496468019392,False
723,20.668518781661987,-4.985641707921704,False
724,20.697046518325806,-4.987979742952414,False
725,20.72613215446472,-4.989547949611024,False
726,20.75458264350891,-4.991689953993994,False
727,20.78262972831726,-4.991689953993994,False
728,20.81174397468567,-4.99469418528932,False
729,20.839813709259033,-4.99469418528932,False
730,20.868735551834106,-4.999721827592013,False
731,20.89699697494507,-4.999719068137886,False
732,20.926281213760376,-5.0008633558570725,False
733,20.960756063461304,-5.002278222733088,False
734,20.98277187347412,-5.003147470075683,False
735,21.01180934906006,-5.003518172169109,False
736,21.040013074874878,-5.002928130835599,False
737,21.068989753723145,-5.003597431935876,False
738,21.098684549331665,-5.002040373339644,False
739,21.125566005706787,-5.002040373339644,False
740,21.158726453781128,-4.999004930135314,False
741,21.182998180389404,-4.999499070665965,False
742,21.211890697479248,-4.998075884032106,False
743,21.23997664451599,-4.998075884032106,False
744,21.269190073013306,-4.994926791655299,False
745,21.297093629837036,-4.994268758875198,False
746,21.3257999420166,-4.992309441714713,False
747,21.354682683944702,-4.989212792671,False
748,21.383081436157227,-4.985790295605929,False
749,21.411529779434204,-4.986337456500147,False
750,21.439905166625977,-4.985094360009327,False
751,21.481932163238525,-4.986480938307952,False
752,21.497166633605957,-4.986736604830874,False
753,21.52595043182373,-4.987438882481032,False
754,21.555509567260742,-4.988198257373292,False
755,21.58318042755127,-4.991442676146416,False
756,21.611493825912476,-4.990996967850601,False
757,21.640171766281128,-4.9953195399016925,False
758,21.668776512145996,-4.995784431785091,False
759,21.69728112220764,-4.997926580501635,False
760,21.72581696510315,-4.99992521326917,False
761,21.754493713378906,-5.0013655403093855,False
762,21.783020496368408,-5.005294658531405,False
763,21.811491012573242,-5.009414962765974,False
764,21.840113639831543,-5.013748220787791,False
765,21.868483304977417,-5.013748220787791,False
766,21.897200345993042,-5.024840815844226,False
767,21.926006317138672,-5.0246441916053515,False
768,21.954437971115112,-5.026416633205043,False
769,21.982820510864258,-5.028861678519776,False
770,22.011544227600098,-5.027833393373623,False
771,22.039925575256348,-5.024671760732146,False
772,22.068949699401855,-5.0205545227875135,False
773,22.097419261932373,-5.022012481556142,False
774,22.126258850097656,-5.01580027806337,False
775,22.15434241294861,-5.01580027806337,False
776,22.18297553062439,-5.012691401586355,False
777,22.211628913879395,-5.010194452167423,False
778,22.240200519561768,-5.004777256388423,False
779,22.268930435180664,-5.001618362936594,False
780,22.297574758529663,-4.997150610329823,False
781,22.325840950012207,-4.994010574570486,False
782,22.355201482772827,-4.992688176805159,False
783,22.383031129837036,-4.992688176805159,False
784,22.41168999671936,-4.991237444630093,False
785,22.44058084487915,-4.990603823911384,False
786,22.468870401382446,-4.989293250360643,False
787,22.497549057006836,-4.98866573767576,False
788,22.525855779647827,-4.991156470262175,False
789,22.56091547012329,-4.994082611087656,False
790,22.582980632781982,-4.994082611087656,False
791,22.611555814743042,-4.99754101057887,False
792,22.64009737968445,-4.999231747077052,False
793,22.66882038116455,-5.00349706143311,False
794,22.697519063949585,-5.005832878674483,False
795,22.726189613342285,-5.01094926017766,False
796,22.754881143569946,-5.012501973266104,False
797,22.783373594284058,-5.0148301855138175,False
798,22.81147861480713,-5.0148301855138175,False
799,22.83999538421631,-5.016231915010007,False
800,22.869189262390137,-5.022028350777332,False
801,22.89731502532959,-5.024556307233737,False
802,22.925827980041504,-5.023136732019773,False
803,22.95488977432251,-5.025882976523718,False
804,22.983040809631348,-5.028514287186271,False
805,23.011871337890625,-5.028153254855014,False
806,23.040268659591675,-5.027664603082001,False
807,23.068875789642334,-5.02677427516978,False
808,23.09743094444275,-5.026372528998752,False
809,23.125772714614868,-5.024964628440892,False
810,23.15487504005432,-5.022871425627197,False
811,23.183120250701904,-5.021675482821354,False
812,23.21168065071106,-5.0185797307995355,False
813,23.240339040756226,-5.018282722966741,False
814,23.268887996673584,-5.018599369004528,False
815,23.297561645507812,-5.0163054018174975,False
816,23.326130628585815,-5.010799378320449,False
817,23.35488247871399,-5.007721149572305,False
818,23.383081912994385,-5.003773779136522,False
819,23.411540269851685,-5.002700999619687,False
820,23.45301628112793,-4.997329046064922,False
821,23.46981930732727,-4.99673055636443,False
822,23.497610569000244,-4.992966420328285,False
823,23.526134490966797,-4.992257345988512,False
824,23.555004358291626,-4.995400590385407,False
825,23.583093404769897,-4.99380755048293,False
826,23.61213707923889,-4.993006293585158,False
827,23.640371799468994,-4.9962673231034,False
828,23.668861150741577,-4.998099325512393,False
829,23.697576999664307,-4.997498307437361,False
830,23.725993394851685,-4.99774194183447,False
831,23.754894495010376,-5.003010329163215,False
832,23.783164978027344,-5.0009499226314285,False
833,23.8119478225708,-5.0028307481077094,False
834,23.84043550491333,-5.0062199963331375,False
835,23.869001626968384,-5.006546142736275,False
836,23.903768301010132,-5.010440080870548,False
837,23.926082611083984,-5.010886938846737,False
838,23.955230236053467,-5.013231890769707,False
839,23.983468770980835,-5.013594043494089,False
840,24.01187825202942,-5.011691957833342,False
841,24.0404052734375,-5.010345303900613,False
842,24.069023370742798,-5.008464117515548,False
843,24.09760093688965,-5.004044022015709,False
844,24.125885725021362,-5.002588908322918,False
845,24.158470630645752,-5.001081093882654,False
846,24.18342876434326,-4.997120708164498,False
847,24.211875915527344,-4.9975528600691215,False
848,24.24059748649597,-4.9963543635155645,False
849,24.268999576568604,-4.994348779127427,False
850,24.29777193069458,-4.989622767249495,False
851,24.326260089874268,-4.989794782465176,False
852,24.35485863685608,-4.992641435642887,False
853,24.383901834487915,-4.987094020911889,False
854,24.41490936279297,-4.989434559135801,False
855,24.440507411956787,-4.989434559135801,False
856,24.469859838485718,-4.985239505563773,False
857,24.49858570098877,-4.986112534467727,False
858,24.52619504928589,-4.985901577794649,False
859,24.555017948150635,-4.988613031369309,False
860,24.583455324172974,-4.989025997536832,False
861,24.61254382133484,-4.994431025137466,False
862,24.640500783920288,-4.995680077135632,False
863,24.669365167617798,-4.994180949185933,False
864,24.69776225090027,-4.9967195089220295,False
865,24.726351499557495,-4.996896112390697,False
866,24.75575041770935,-4.99772741238873,False
867,24.783295154571533,-4.997880757365937,False
868,24.812242031097412,-4.999060602026701,False
869,24.840681552886963,-5.002192338235418,False
870,24.86925172805786,-4.999117889594985,False
871,24.89809513092041,-5.000188604796274,False
872,24.926151275634766,-5.0002706592506145,False
873,24.95481777191162,-5.001574893093326,False
874,24.98352026939392,-5.00011777047372,False
875,25.011699199676514,-5.00011777047372,False
876,25.040464878082275,-5.001552507216805,False
877,25.069185256958008,-5.002313457312183,False
878,25.09760046005249,-5.000700702150563,False
879,25.126445770263672,-5.001913689332683,False
880,25.155102491378784,-5.004124693249689,False
881,25.183239459991455,-5.003742327422305,False
882,25.211735725402832,-5.002808619023402,False
883,25.24045157432556,-5.006290619386848,False
884,25.269070625305176,-5.007117311404431,False
885,25.298139572143555,-5.0032028906993435,False
886,25.326270580291748,-5.0031223691820434,False
887,25.35600996017456,-5.000146081302488,False
888,25.383465051651,-5.000146081302488,False
889,25.411970376968384,-4.997656901826115,False
890,25.440609455108643,-4.997608502081645,False
891,25.469063997268677,-4.9976997073927265,False
892,25.49870729446411,-4.991867618709013,False
893,25.52623200416565,-4.994606181507042,False
894,25.555031299591064,-4.9956903652233295,False
895,25.5834698677063,-4.993649093214129,False
896,25.611963033676147,-4.993112371925218,False
897,25.640547275543213,-4.995107326112384,False
898,25.66917634010315,-4.993556096523623,False
899,25.697941541671753,-4.9895093482837725,False
900,25.726563215255737,-4.991326323222872,False
901,25.7550151348114,-4.991326323222872,False
902,25.783440113067627,-4.9866605673812225,False
903,25.81244444847107,-4.988244162857703,False
904,25.856475830078125,-4.99188348794439,False
905,25.869137048721313,-4.99188348794439,False
906,25.897757053375244,-4.990312526621399,False
907,25.92625117301941,-4.9950490542052535,False
908,25.95538902282715,-4.994964422847608,False
909,25.983414888381958,-4.991659121025374,False
910,26.012160301208496,-4.991424824760084,False
911,26.0406014919281,-4.994604520598689,False
912,26.069522857666016,-4.99503352441918,False
913,26.098457098007202,-4.997818032287916,False
914,26.1265811920166,-4.999360860077178,False
915,26.155221700668335,-4.997741518172375,False
916,26.183422327041626,-4.994383682561311,False
917,26.21221899986267,-4.994471134167108,False
918,26.24096441268921,-4.995953448063572,False
919,26.26910710334778,-4.9912132222165555,False
920,26.29788613319397,-4.987510904483053,False
921,26.326752185821533,-4.990089988704518,False
922,26.355213165283203,-4.990089988704518,False
923,26.383532762527466,-4.984319137734916,False
924,26.412348985671997,-4.984643843778197,False
925,26.440691232681274,-4.98506582582474,False
926,26.469335794448853,-4.980556425013437,False
927,26.498384475708008,-4.982078330687678,False
928,26.526512622833252,-4.982731636620083,False
929,26.55538320541382,-4.983441804485541,False
930,26.58392333984375,-4.9898833672947065,False
931,26.612341165542603,-4.994667930638057,False
932,26.64162302017212,-4.997738516147119,False
933,26.6692955493927,-4.994888293833658,False
934,26.697817087173462,-4.997771049030015,False
935,26.726412534713745,-4.9991308757758555,False
936,26.755276203155518,-5.003830153621539,False
937,26.783628463745117,-5.005633678017847,False
938,26.813501358032227,-5.01072239331398,False
939,26.84082269668579,-5.01072239331398,False
940,26.869511127471924,-5.008394832881454,False
941,26.898163080215454,-5.00790979917945,False
942,26.926601886749268,-5.00904044430876,False
943,26.965580463409424,-5.009546288593844,False
944,26.983535528182983,-5.008315037644155,False
945,27.012488842010498,-5.010059074712441,False
946,27.041099548339844,-5.011350251187882,False
947,27.069605112075806,-5.008733393331599,False
948,27.09795832633972,-5.007634268110587,False
949,27.126506328582764,-5.008820075607473,False
950,27.155601024627686,-5.011333681232106,False
951,27.183921575546265,-5.007577277738915,False
952,27.212077617645264,-5.007577277738915,False
953,27.241015195846558,-5.00697351713254,False
954,27.2693932056427,-5.005104660459682,False
955,27.297884702682495,-5.003276730057914,False
956,27.32667303085327,-5.001338402546238,False
957,27.35558247566223,-4.998571863596095,False
958,27.384284257888794,-4.996002313564021,False
959,27.412214994430542,-4.996002313564021,False
960,27.44099736213684,-4.9956729959927175,False
961,27.470070362091064,-4.9945536968473565,False
962,27.49821448326111,-4.99561636696695,False
963,27.527134656906128,-4.998429149439588,False
964,27.5559401512146,-4.998114035574026,False
965,27.58375859260559,-4.9992511846399035,False
966,27.612185955047607,-5.000352902241503,False
967,27.640661478042603,-5.001540381791007,False
968,27.66951036453247,-5.000720523074649,False
969,27.69813895225525,-5.004262661949766,False
970,27.72660779953003,-5.004308797923705,False
971,27.755685091018677,-5.0051484791388905,False
972,27.783703565597534,-5.005373698679228,False
973,27.812458753585815,-5.005620978845393,False
974,27.841598749160767,-5.010136582924008,False
975,27.86964726448059,-5.011154369101769,False
976,27.898219347000122,-5.0115941822883485,False
977,27.926654815673828,-5.012775456684635,False
978,27.955686807632446,-5.013839721821639,False
979,27.98411202430725,-5.009702447353329,False
980,28.0125994682312,-5.012903977203949,False
981,28.040770769119263,-5.01377828243536,False
982,28.06941270828247,-5.016754523775324,False
983,28.09795069694519,-5.016159643366219,False
984,28.126569271087646,-5.016290339846407,False
985,28.1556715965271,-5.013724253049729,False
986,28.18360710144043,-5.010679320269237,False
987,28.212357997894287,-5.006015792746798,False
988,28.240797758102417,-5.004555161915264,False
989,28.269519090652466,-4.998692482054246,False
990,28.297929525375366,-4.994672267430127,False
991,28.327192306518555,-4.992142957668828,False
992,28.355438947677612,-4.990691908150832,False
993,28.383711576461792,-4.9887370281080345,False
994,28.41275906562805,-4.982627992850962,False
995,28.44067096710205,-4.982627992850962,False
996,28.4695885181427,-4.9804172747386675,False
997,28.498159646987915,-4.979655677489112,False
998,28.52670907974243,-4.9808055699715625,False
999,28.556305646896362,-4.986353212679851,False
1000,28.58395528793335,-4.9876123686345535,False
1001,28.61242151260376,-4.991689742199504,False
1002,28.640883207321167,-4.996911061403713,False
1003,28.66955280303955,-5.001117637475292,False
1004,28.697858095169067,-5.001560207762801,False
1005,28.72720456123352,-5.011097660217839,False
1006,28.75577139854431,-5.013240953556222,False
1007,28.78437304496765,-5.015275088400781,False
1008,28.81248378753662,-5.017454333842293,False
1009,28.841330766677856,-5.019438840311362,False
1010,28.8696551322937,-5.019724879708688,False
1011,28.89793062210083,-5.017504312876981,False
1012,28.926994800567627,-5.021791681216994,False
1013,28.955400943756104,-5.021791681216994,False
1014,28.983972549438477,-5.020583577302937,False
1015,29.01270365715027,-5.021426987398313,False
1016,29.041584014892578,-5.021325426724135,False
1017,29.06951642036438,-5.020887695325638,False
1018,29.098067045211792,-5.016140522980268,False
1019,29.126683712005615,-5.014275083215268,False
1020,29.15619945526123,-5.011898612353252,False
1021,29.183993101119995,-5.010397602349394,False
1022,29.212696313858032,-5.008089573591241,False
1023,29.24088168144226,-5.006237774093891,False
1024,29.26982092857361,-5.0022435079491165,False
1025,29.29846954345703,-5.000617288391969,False
1026,29.32674813270569,-5.000617288391969,False
1027,29.355374336242676,-5.000229776656661,False
1028,29.384662866592407,-4.994435522473867,False
1029,29.412416219711304,-4.991363062137283,False
1030,29.441386938095093,-4.988879528685392,False
1031,29.469804286956787,-4.988621160804535,False
1032,29.498273134231567,-4.986077436266883,False
1033,29.526955604553223,-4.987439858583509,False
1034,29.55560827255249,-4.991164151589856,False
1035,29.584124326705933,-4.990639258879873,False
1036,29.612711191177368,-4.99297433120393,False
1037,29.64451766014099,-4.99510047346481,False
1038,29.670040369033813,-4.992948437751501,False
1039,29.69842839241028,-4.994937929798918,False
1040,29.727099657058716,-4.998481992593137,False
1041,29.756157159805298,-4.997219587087302,False
1042,29.783871173858643,-4.997219587087302,False
1043,29.81459069252014,-4.999892684891386,False
1044,29.841644048690796,-5.001739856768792,False
1045,29.86985206604004,-4.99793968248677,False
1046,29.898396730422974,-4.99877432269482,False
1047,29.92699122428894,-4.9993357059239125,False
1048,29.95557403564453,-5.00340523983906,False
1049,29.984233140945435,-5.000912413385702,False
1050,30.012920379638672,-4.999816108724016,False
1051,30.04116654396057,-5.001052919590278,False
1052,30.069899320602417,-5.000032360403529,False
1053,30.09831404685974,-4.996857882421764,False
1054,30.126949548721313,-4.997527170322528,False
1055,30.155701875686646,-4.997527170322528,False
1056,30.184199810028076,-4.991511476327588,False
1057,30.212690830230713,-4.991440877161224,False
1058,30.24144148826599,-4.990443142785683,False
1059,30.269733667373657,-4.990443142785683,False
1060,30.298428535461426,-4.98752502902141,False
1061,30.32688570022583,-4.985050917566165,False
1062,30.355855703353882,-4.982734216233493,False
1063,30.385818243026733,-4.980129952820921,False
1064,30.4127197265625,-4.978969238823726,False
1065,30.441081523895264,-4.97933765981916,False
1066,30.47004723548889,-4.9774004049692255,False
1067,30.498785257339478,-4.978383172562446,False
1068,30.527093648910522,-4.980614477682127,False
1069,30.556180715560913,-4.984672021872022,False
1070,30.58420968055725,-4.986644835398091,False
1071,30.612573862075806,-4.987457224622321,False
1072,30.641127347946167,-4.987628802248886,False
1073,30.669769287109375,-4.989065094771703,False
1074,30.698217391967773,-4.990723815111778,False
1075,30.726970195770264,-4.992076682638911,False
1076,30.755804777145386,-4.993526701538994,False
1077,30.78426718711853,-4.99511154642403,False
1078,30.812649488449097,-4.995609500293948,False
1079,30.841315984725952,-4.997862180859273,False
1080,30.86979079246521,-4.999188429332157,False
1081,30.898443937301636,-4.99874806807241,False
1082,30.927191257476807,-5.001003159244039,False
1083,30.956140995025635,-4.999975318214607,False
1084,30.984363555908203,-4.999500119653919,False
1085,31.013349771499634,-5.0006775692342025,False
1086,31.041250944137573,-5.000562769150641,False
1087,31.07032322883606,-4.9974158835499525,False
1088,31.09849786758423,-4.994214039308241,False
1089,31.126887559890747,-4.994111007086338,False
1090,31.156686782836914,-4.99445461939882,False
1091,31.18467664718628,-4.993286917010204,False
1092,31.212812662124634,-4.994879723266372,False
1093,31.241395473480225,-4.994152948128931,False
1094,31.270570278167725,-4.991508149389648,False
1095,31.298524141311646,-4.9916735121354625,False
1096,31.32697057723999,-4.992565254165029,False
1097,31.355762481689453,-4.992606475299284,False
1098,31.38430905342102,-4.990098696570862,False
1099,31.414196968078613,-4.987934817179478,False
1100,31.44145941734314,-4.988688991094875,False
1101,31.47006392478943,-4.985942756542105,False
1102,31.49884867668152,-4.988496640352426,False
1103,31.5272798538208,-4.991779305689563,False
1104,31.555707693099976,-4.991116594634557,False
1105,31.584212064743042,-4.989421291534589,False
1106,31.624643087387085,-4.992528446885376,False
1107,31.641153573989868,-4.992891521121316,False
1108,31.669936418533325,-4.989343940837115,False
1109,31.698400735855103,-4.98981584352866,False
1110,31.72720503807068,-4.993362436513635,False
1111,31.75580644607544,-4.990929880443619,False
1112,31.78453278541565,-4.990150197608668,False
1113,31.813624620437622,-4.994642113385415,False
1114,31.841497898101807,-4.9963439530713005,False
1115,31.870248079299927,-4.995903858760037,False
1116,31.89846920967102,-5.000761954023715,False
1117,31.9270236492157,-5.002608763546189,False
1118,31.955873727798462,-5.005563695195535,False
1119,31.98540234565735,-5.002432482449961,False
1120,32.01284575462341,-5.002432482449961,False
1121,32.04142451286316,-5.0033747503948405,False
1122,32.08009481430054,-5.001163374073955,False
1123,32.09852743148804,-5.00085922310432,False
1124,32.1273717880249,-5.001899238431033,False
1125,32.156227827072144,-4.999786502625822,False
1126,32.18429446220398,-4.99850877526235,False
1127,32.21296286582947,-4.999416210760995,False
1128,32.24135088920593,-4.997305411987006,False
1129,32.27006912231445,-4.996312119877334,False
1130,32.298553705215454,-4.995247024230387,False
1131,32.32725954055786,-4.993353340084892,False
1132,32.357004165649414,-4.990146420255598,False
1133,32.384597063064575,-4.990024961538302,False
1134,32.41271138191223,-4.990477270810283,False
1135,32.44137001037598,-4.98999393432995,False
1136,32.47013235092163,-4.9906050087721505,False
1137,32.4989652633667,-4.992444856025473,False
1138,32.52764534950256,-4.994318619273628,False
1139,32.555909633636475,-4.995715030472399,False
1140,32.58460569381714,-4.998246225877078,False
1141,32.61307215690613,-5.000048797086192,False
1142,32.641422510147095,-4.9989336221425695,False
1143,32.67009520530701,-5.001840988010887,False
1144,32.69892358779907,-5.003961228818269,False
1145,32.72711753845215,-5.004884090254886,False
1146,32.75635862350464,-5.005456127739685,False
1147,32.78419208526611,-5.007074728846606,False
1148,32.81294894218445,-5.010072207855523,False
1149,32.841625690460205,-5.010830936426665,False
1150,32.871041774749756,-5.01580074930746,False
1151,32.89885401725769,-5.015989696605381,False
1152,32.927433013916016,-5.0176703530165705,False
1153,32.95599818229675,-5.01817194176675,False
1154,32.984375,-5.01826734124004,False
1155,33.01327633857727,-5.019322348332517,False
1156,33.04143714904785,-5.0184672597253845,False
1157,33.070796251297,-5.013979703366019,False
1158,33.099578619003296,-5.008792991545554,False
1159,33.12751340866089,-5.0057175113323735,False
1160,33.156846046447754,-5.0054422831548075,False
1161,33.18518853187561,-5.004661306901766,False
1162,33.213690996170044,-5.002715528116219,False
1163,33.24439740180969,-5.000735816588136,False
1164,33.27025032043457,-4.99903067670767,False
1165,33.29925990104675,-4.995938512069053,False
1166,33.32730412483215,-4.9955221307443125,False
1167,33.356566429138184,-4.993367962311782,False
1168,33.38467597961426,-4.989952897851997,False
1169,33.413822412490845,-4.988422689064346,False
1170,33.44216012954712,-4.988216974091095,False
1171,33.47178912162781,-4.989921607049208,False
1172,33.498992681503296,-4.988860951078631,False
1173,33.52909731864929,-4.989209132323132,False
1174,33.55712080001831,-4.989419373190963,False
1175,33.58556389808655,-4.990573456996334,False
1176,33.61374568939209,-4.993238150190392,False
1177,33.641900062561035,-4.995151668105106,False
1178,33.67027497291565,-4.994877369001912,False
1179,33.699328899383545,-4.996895220860638,False
1180,33.72758626937866,-4.998290975635509,False
1181,33.75668716430664,-5.002725853055335,False
1182,33.78470230102539,-5.003493599451759,False
1183,33.81303071975708,-5.007704058364232,False
1184,33.84208345413208,-5.0116464942857695,False
1185,33.87010741233826,-5.013192109726428,False
1186,33.898964643478394,-5.022233418041107,False
1187,33.92755174636841,-5.024675155253953,False
1188,33.95656371116638,-5.026051782690879,False
1189,33.98458647727966,-5.027109042678691,False
1190,34.01340889930725,-5.026500725414719,False
1191,34.05705189704895,-5.022283121695893,False
1192,34.07200384140015,-5.021834677916625,False
1193,34.09888935089111,-5.021834677916625,False
1194,34.12742304801941,-5.019436527379651,False
1195,34.1563880443573,-5.015948387341964,False
1196,34.18512463569641,-5.011806905398106,False
1197,34.21341586112976,-5.01132017977951,False
1198,34.24196171760559,-5.006088421024001,False
1199,34.27035212516785,-5.003792353172433,False
1200,34.29914665222168,-5.002467083488037,False
1201,34.32762408256531,-4.995913618777876,False
1202,34.35672855377197,-4.994095653899715,False
1203,34.38469672203064,-4.99539826874484,False
1204,34.41373634338379,-4.996476904251659,False
1205,34.44189381599426,-4.995096310997192,False
1206,34.47058129310608,-4.998283151859259,False
1207,34.499786138534546,-4.998387962663624,False
1208,34.52813196182251,-5.001033512518959,False
1209,34.55754065513611,-5.0034774903169,False
1210,34.58691954612732,-5.006072281565075,False
1211,34.61328935623169,-5.006072281565075,False
1212,34.64178681373596,-5.007536393259641,False
1213,34.6707284450531,-5.012809049307196,False
1214,34.69940710067749,-5.015951517925585,False
1215,34.729989767074585,-5.017189588065005,False
1216,34.756503105163574,-5.017346384031993,False
1217,34.78483963012695,-5.021567490234864,False
1218,34.81381130218506,-5.02300470526911,False
1219,34.842713594436646,-5.025258221491469,False
1220,34.87567734718323,-5.029406133059346,False
1221,34.902037620544434,-5.031176679593389,False
1222,34.9285945892334,-5.031972327202154,False
1223,34.95701551437378,-5.033057713031635,False
1224,34.984617710113525,-5.034985683942886,False
1225,35.013694763183594,-5.031718172123629,False
1226,35.042474031448364,-5.028154188784442,False
1227,35.070828914642334,-5.0240710216233735,False
1228,35.100481271743774,-5.021690529012999,False
1229,35.12796759605408,-5.019706105158053,False
1230,35.15686845779419,-5.016596729198212,False
1231,35.18501567840576,-5.016596729198212,False
1232,35.21346712112427,-5.012243033440763,False
1233,35.241944551467896,-5.013001078597563,False
1234,35.271122217178345,-5.008041952980364,False
1235,35.29940581321716,-5.0046463084783035,False
1236,35.32749938964844,-5.004449856408445,False
1237,35.35727667808533,-4.996808425937153,False
1238,35.384650230407715,-4.996808425937153,False
1239,35.41352081298828,-4.993157446632317,False
1240,35.44244074821472,-4.987218061202278,False
1241,35.470556020736694,-4.987218061202278,False
1242,35.50154709815979,-4.983249396785721,False
1243,35.52761626243591,-4.983249396785721,False
1244,35.55663704872131,-4.984045519690918,False
1245,35.5847487449646,-4.982676506236404,False
1246,35.61341691017151,-4.980732214591679,False
1247,35.641844511032104,-4.982719527903387,False
1248,35.670624017715454,-4.983564897353647,False
1249,35.69903826713562,-4.982043736052348,False
1250,35.72752022743225,-4.982897257061025,False
1251,35.75620746612549,-4.984769687194581,False
1252,35.78480362892151,-4.9843224251623335,False
1253,35.813316345214844,-4.984807076897664,False
1254,35.84216117858887,-4.9872867253866175,False
1255,35.870591163635254,-4.986849125330399,False
1256,35.89913487434387,-4.988912633100089,False
1257,35.927674770355225,-4.9910738822298555,False
1258,35.95663928985596,-4.992997499544537,False
1259,35.98465871810913,-4.992857838302,False
1260,36.013062953948975,-4.991351622341619,False
1261,36.04202580451965,-4.990841562638572,False
1262,36.07045245170593,-4.989078353533883,False
1263,36.09914016723633,-4.9846697208239235,False
1264,36.12766790390015,-4.982848016192187,False
1265,36.15646171569824,-4.982300518017843,False
1266,36.18526601791382,-4.974982994087952,False
1267,36.21347451210022,-4.972299017062308,False
1268,36.241960763931274,-4.972625053958601,False
1269,36.27043008804321,-4.973427559506944,False
1270,36.29915928840637,-4.9714040818085,False
1271,36.327417850494385,-4.969447646203991,False
1272,36.35629057884216,-4.970860616372761,False
1273,36.384840965270996,-4.965740275027623,False
1274,36.41363000869751,-4.967955962450225,False
1275,36.44217777252197,-4.969136594783611,False
1276,36.47098731994629,-4.968346359269937,False
1277,36.49982452392578,-4.968902282570203,False
1278,36.527737617492676,-4.969346798464053,False
1279,36.556987285614014,-4.973516811929033,False
1280,36.585246086120605,-4.974494306371953,False
1281,36.61538338661194,-4.978041251254534,False
1282,36.64232325553894,-4.980155903142344,False
1283,36.67160892486572,-4.979910998804734,False
1284,36.70174193382263,-4.9810534326744875,False
1285,36.72779726982117,-4.982297196908295,False
1286,36.757288455963135,-4.984850059369918,False
1287,36.78651738166809,-4.986101545091595,False
1288,36.814151763916016,-4.991060296762053,False
1289,36.84223556518555,-4.992295524242954,False
1290,36.870572566986084,-4.9928191756767015,False
1291,36.899465799331665,-4.995336247856238,False
1292,36.92832565307617,-4.9982730372662125,False
1293,36.95681023597717,-4.997983601282483,False
1294,36.9859619140625,-4.997101939645474,False
1295,37.01512861251831,-4.998633259873669,False
1296,37.04242706298828,-4.997352080230027,False
1297,37.07078289985657,-4.99788976419248,False
1298,37.10099220275879,-4.9993384771957645,False
1299,37.128111124038696,-5.003882387944867,False
1300,37.15695238113403,-5.002605049130836,False
1301,37.18510389328003,-5.002700437536642,False
1302,37.21367383003235,-5.0049041760747555,False
1303,37.244794845581055,-5.008108965774341,False
1304,37.27053689956665,-5.007337565578471,False
1305,37.29911708831787,-5.004428257791813,False
1306,37.32782793045044,-5.004853129346135,False
1307,37.36730623245239,-4.999032381998,False
1308,37.385228395462036,-4.9962722695725335,False
1309,37.41341805458069,-4.9962722695725335,False
1310,37.442140102386475,-4.99911644801865,False
1311,37.4706711769104,-4.998607841723524,False
1312,37.499223470687866,-4.994316246711816,False
1313,37.52829670906067,-4.997481409487256,False
1314,37.55704736709595,-4.9994253574616225,False
1315,37.58505058288574,-4.998788120578228,False
1316,37.613566160202026,-4.997028041931544,False
1317,37.64221405982971,-4.998949674565812,False
1318,37.67067885398865,-4.999315588548133,False
1319,37.69920372962952,-4.996735998877106,False
1320,37.72784662246704,-4.998353220723067,False
1321,37.75640821456909,-4.999018428415531,False
1322,37.78493142127991,-4.997632657220113,False
1323,37.81335377693176,-4.9969817374616925,False
1324,37.84225058555603,-5.001129872490966,False
1325,37.87064719200134,-5.001070720095979,False
1326,37.89919137954712,-5.001884933887934,False
1327,37.92781901359558,-5.004530726153069,False
1328,37.956560134887695,-5.007888202675532,False
1329,37.98498773574829,-5.007255771024298,False
1330,38.013654470443726,-5.007003671207985,False
1331,38.04208016395569,-5.00911276306693,False
1332,38.07120656967163,-5.0101783656579135,False
1333,38.09941363334656,-5.010944218054214,False
1334,38.127963066101074,-5.011043212857084,False
1335,38.156477212905884,-5.0121711676363985,False
1336,38.184869050979614,-5.0096564415954274,False
1337,38.21386098861694,-5.009480652408054,False
1338,38.24249076843262,-5.006615264770336,False
1339,38.27280902862549,-5.0024394493641235,False
1340,38.299381732940674,-5.004399030840326,False
1341,38.328444719314575,-5.004760218665846,False
1342,38.36695742607117,-5.003758404477932,False
1343,38.38506054878235,-4.999557806571689,False
1344,38.4134886264801,-4.999522478763153,False
1345,38.44208836555481,-4.99834140050816,False
1346,38.471811056137085,-4.995100200006811,False
1347,38.50098443031311,-4.995394759411895,False
1348,38.52847743034363,-4.9970285482327155,False
1349,38.55782866477966,-4.998697219842478,False
1350,38.58671545982361,-5.001528545932028,False
1351,38.614397048950195,-5.0067830515848675,False
1352,38.6423602104187,-5.007564182370455,False
1353,38.670939207077026,-5.0081719835956955,False
1354,38.69974684715271,-5.01200400487489,False
1355,38.72863173484802,-5.0136201037048025,False
1356,38.756847620010376,-5.0132234413633885,False
1357,38.78534650802612,-5.0167026679974365,False
1358,38.81408476829529,-5.021040312688444,False
1359,38.84298849105835,-5.021909845040324,False
1360,38.870789766311646,-5.020080433443407,False
1361,38.89940786361694,-5.018746448121965,False
1362,38.928088665008545,-5.019814899270105,False
1363,38.9568145275116,-5.019138270260461,False
1364,38.995177030563354,-5.016202097267028,False
1365,39.01359009742737,-5.016202097267028,False
1366,39.04223394393921,-5.018496708484701,False
1367,39.07097101211548,-5.015783453658556,False
1368,39.09941053390503,-5.015018382841529,False
1369,39.128209352493286,-5.0182076051674445,False
1370,39.15660905838013,-5.0158223226498775,False
1371,39.18512034416199,-5.016399677893911,False
1372,39.21395492553711,-5.013568761947822,False
1373,39.242356061935425,-5.013568761947822,False
1374,39.27104663848877,-5.0113822618653225,False
1375,39.29938721656799,-5.005581425903433,False
1376,39.32809662818909,-5.004007642908923,False
1377,39.35690236091614,-5.002828165701911,False
1378,39.385164976119995,-4.994793702921756,False
1379,39.413562059402466,-4.995304645989326,False
1380,39.442281007766724,-4.993927284706841,False
1381,39.470847368240356,-4.994173377725402,False
1382,39.49966478347778,-4.9930989006320985,False
1383,39.52899789810181,-4.996189494511799,False
1384,39.55703163146973,-4.996189494511799,False
1385,39.5857834815979,-4.99853133763038,False
1386,39.61375665664673,-4.997441097987125,False
1387,39.64241981506348,-4.997663002145692,False
1388,39.67120909690857,-4.999358210168631,False
1389,39.69958472251892,-5.0017248926573705,False
1390,39.74135231971741,-5.004103373728193,False
1391,39.75737285614014,-5.003977089124974,False
1392,39.78502535820007,-5.004481787698119,False
1393,39.813873052597046,-5.005349931260585,False
1394,39.84316873550415,-5.008622849419203,False
1395,39.87145638465881,-5.009304370346242,False
1396,39.89942383766174,-5.010722081759918,False
1397,39.92875623703003,-5.011722121254228,False
1398,39.95743107795715,-5.011246684812574,False
1399,39.98571538925171,-5.011246684812574,False
1400,40.013864517211914,-5.012420416703017,False
1401,40.042482137680054,-5.016119827787263,False
1402,40.0709023475647,-5.016119827787263,False
1403,40.09957027435303,-5.020667497942849,False
1404,40.15652513504028,-5.0208988624968205,False
1405,40.18530797958374,-5.019201705971012,False
1406,40.213714838027954,-5.019201705971012,False
1407,40.24325609207153,-5.015971160135728,False
1408,40.27195501327515,-5.012475857517212,False
1409,40.299978256225586,-5.00938710991616,False
1410,40.328795433044434,-5.006650744329993,False
1411,40.357489824295044,-5.003842671750087,False
1412,40.38541007041931,-5.000799685900961,False
1413,40.41442823410034,-4.996438233570596,False
1414,40.44247651100159,-4.991721575137654,False
1415,40.47171068191528,-4.989485487353657,False
1416,40.500505447387695,-4.98816978592435,False
1417,40.52894043922424,-4.98816978592435,False
1418,40.557066917419434,-4.990974174221061,False
1419,40.58575415611267,-4.990974174221061,False
1420,40.61413049697876,-5.000491434498746,False
1421,40.64276957511902,-5.007898897106187,False
1422,40.67171621322632,-5.016603486949831,False
1423,40.70000171661377,-5.02844486975783,False
1424,40.728530406951904,-5.02844486975783,False
1425,40.75758123397827,-5.04377952205481,False
1426,40.78646469116211,-5.054187756411973,False
