rank,bag,camera_heldout_std_deg,livox_heldout_agreement_std_deg,joint_residual_std_deg,raw_bag_in_repository
1,rig_20260828_192028_0.bag,0.2607651412488571,0.5738409309878187,0.6303109335617644,True
2,rig_20260828_191845_0.bag,0.201280711189568,0.6045135609609988,0.6371425037483573,True
3,rig_20260828_191635_0.bag,0.18763848148063547,0.6102882143880428,0.638482501211509,False
4,rig_20260828_192618_0.bag,0.2538536123910393,0.6116467920796418,0.6622336859336714,False
5,rig_20260828_193136_0.bag,0.2362974112892714,0.6320915131310543,0.6748156396782137,False
6,rig_20260828_192433_0.bag,0.25146566173524604,0.6271978458532423,0.6757308020764576,False
7,rig_20260828_192952_0.bag,0.2266973044250683,0.6710537165794304,0.7083112016399702,False
8,rig_20260828_193309_0.bag,0.23032349104307628,0.706455103781511,0.743052975355873,False
9,rig_20260828_192202_0.bag,0.25956969585043854,0.7886779666350091,0.830294744087557,False
10,rig_20260828_192752_0.bag,0.26276306972907565,0.8221625127243011,0.863131292528885,False
