frame,bag_stamp_s,camera_angle_deg,livox_phase_aligned_deg,raw_difference_deg,heldout_difference_deg,heldout_smoothed_difference_deg,included
0,1787909073.8234317,27.322642265052515,-9.551129381070536,-36.873771646123046,-37.46123990659652,-37.557424982276814,False
1,1787909073.9228454,27.322642265052515,-6.45317696504112,-33.77581923009363,-34.3178175526426,-34.5202330146383,False
2,1787909074.0242488,27.322642265052515,-3.5398763237415345,-30.86251858879405,-31.598243749489498,-31.483733331807166,False
3,1787909074.1239538,27.322642265052515,-0.18182580521025926,-27.504468070262774,-28.395611424007004,-28.44792593378341,False
4,1787909074.222772,27.322642265052515,2.4347821961213967,-24.88786006893112,-25.49787587818228,-25.41281082056704,False
5,1787909074.3226979,27.322642265052515,5.760943756440909,-21.561698508611606,-22.091828185695544,-22.378387992158046,False
6,1787909074.4227567,27.322642265052515,8.237531977469352,-19.085110287583163,-19.498540376549318,-19.344657448556436,False
7,1787909074.5232377,27.322642265052515,11.522245468405089,-15.800396796647426,-16.03716151694348,-16.311619189762204,False
8,1787909074.6241012,27.322642265052515,14.245769331291847,-13.076872933760669,-13.8224629292734,-13.279273215775355,False
9,1787909074.7247493,27.322642265052515,17.33490649753563,-9.987735767516885,-10.774087431378,-10.247619526595887,False
10,1787909074.8232434,27.322642265052515,20.61902152298768,-6.703620742064835,-7.556962861510346,-7.216658122224253,False
11,1787909074.923057,27.322642265052515,24.098671785333956,-3.2239704797185595,-3.725902675918917,-4.194020788985675,False
12,1787909075.0234191,27.322642265052515,27.30939422942204,-0.013248035630475385,-0.5111355412222167,-1.0968611777251027,False
13,1787909075.1234195,29.729819133716518,30.367640995684,0.6378218619674811,0.5537845516364825,-0.46675023293295226,True
14,1787909075.2230792,32.55766159191189,32.218409418299366,-0.3392521736125218,-0.5677985000125219,-0.26327962046687503,True
15,1787909075.324945,35.44651071673818,35.15929312118777,-0.28721759555040904,-0.7688523089864034,-0.12346498874548217,True
16,1787909075.4239209,38.67440416887569,38.571512618441496,-0.10289155043419385,-0.6474903567428356,-0.3262203066181826,True
17,1787909075.5242295,41.77836011242649,41.83781647120831,0.05945635878182287,-0.4510124286499959,-0.44756443040170524,True
18,1787909075.623334,44.7076397327802,45.212624933849284,0.5049852010690827,0.12101211383267696,-0.39695994616904784,True
19,1787909075.7242346,47.710711572777626,47.69916521351712,-0.011546359260506733,-0.48910530324954493,-0.484958459224643,True
20,1787909075.8233361,50.8406498553495,50.812087579709264,-0.02856227564023328,-0.5581361165275425,-0.703344550623342,True
21,1787909075.9244595,53.80202491641483,53.84965147441097,0.04762655799613924,-0.00869092690452078,-0.36159045430699877,True
22,1787909076.0233862,56.73498706929156,56.22782183585987,-0.5071652334316923,-0.6549242645147615,-0.2968550425957375,True
23,1787909076.1233332,59.89802239146186,59.65486145752746,-0.24316093393439786,-0.16360728886355247,-0.41420951316779764,True
24,1787909076.2231278,62.8092536413609,62.49661631863026,-0.3126373227306374,-0.4574046582750384,-0.24060343367202108,True
25,1787909076.3228912,65.8628376995959,65.37795969301906,-0.4848780065768352,-0.6848703649109922,-0.325104146211757,True
26,1787909076.4243238,68.79029328805875,68.41230319070826,-0.37799009735049083,-0.6026300884705478,-0.2553127858260069,True
27,1787909076.5228934,71.73655804522298,71.331804900562,-0.40475314466097245,-0.38693084637829145,-0.24825943276627527,True
28,1787909076.6233387,74.67236922025481,74.84244638401869,0.17007716376387805,0.14236450839901238,-0.14733903026203166,True
29,1787909076.723218,77.89419415911956,78.05199899858873,0.1578048394691649,0.18332392437531553,-0.29931025931377064,True
30,1787909076.823565,80.73121577309657,80.82868924699304,0.09747347389647132,0.19452810707761614,-0.08220793379469171,True
31,1787909076.9238932,83.75147262520069,83.67041868371881,-0.08105394148188338,-0.04661890036075533,-0.05935025649397119,True
32,1787909077.0248563,86.8839375678022,86.54318659893273,-0.34075096886947165,-0.26867167332154906,-0.1322834151861514,True
33,1787909077.123462,89.76852784600513,89.70032157630712,-0.06820626969800969,-0.009194829420835049,0.0026676812616273082,True
34,1787909077.2230053,92.71136462556639,92.88027177093582,0.16890714536943108,0.11970880496066627,0.11262706781370468,True
35,1787909077.3230824,95.75218631495297,95.86520946482456,0.11302314987159434,0.3331867807758613,0.08312356841534552,True
36,1787909077.424599,98.87279138779405,98.38921909589993,-0.4835722918941201,-0.6784778826031044,-0.12514744027519953,True
37,1787909077.5230043,101.70561881399624,102.11989144288418,0.41427262888794303,0.521772406267857,-0.08763511265951252,True
38,1787909077.6231997,104.80477947813164,104.65736847758608,-0.14741100054556,-0.27660287399619676,-0.22092297096295965,True
39,1787909077.723536,107.85617283150376,107.93182630857278,0.07565347706902514,0.033158462241132725,-0.2212713994931761,True
40,1787909077.8237176,110.83281002728526,110.62524142008041,-0.20756860720484838,0.72853641707988,0.5895805519146506,True
41,1787909077.9234977,113.61021167589995,113.58169326949772,-0.02851840640222747,0.7715325942258033,0.9015537242085117,True
42,1787909078.0232813,116.81298513935299,116.65837195526436,-0.15461318408863178,0.7348552857265531,0.7110041454652531,True
43,1787909078.1237807,119.78536823438972,119.46355281789718,-0.32181541649254086,0.1730917042115152,0.6744681997243731,True
44,1787909078.2227418,122.6209640039025,122.25476086817554,-0.3662031357269626,0.394935913851711,0.8391507971575294,True
45,1787909078.3226748,125.72328007754535,125.04994828130296,-0.6733317962423939,-0.14864512195489965,0.6862685930202872,True
46,1787909078.4229527,128.50974159751811,129.0196638456547,0.5099222481365757,2.0514340085605056,0.9250316049348726,True
47,1787909078.5233305,131.36061118944968,132.7903081585704,1.4296969691207266,2.626916931848399,1.01820633738771,True
48,1787909078.622913,134.32234774106524,134.88917876746487,0.5668310263996261,1.4552671275611146,1.062224113390613,True
49,1787909078.7229137,137.54598903387682,137.1666085259284,-0.3793805079484116,0.4269410263809732,0.7620837053990783,True
50,1787909078.823177,140.78437731683857,140.08581269139887,-0.6985646254397011,-0.1679539885363397,0.613204764796194,True
51,1787909078.923676,143.72895184053678,143.13343574278906,-0.5955160977477192,-0.2603456218405995,0.6885766234488528,True
52,1787909079.0233853,146.85925678695355,146.89437158625645,0.035114799302903066,0.3714192274226775,0.588993684280581,True
53,1787909079.1234488,149.66656585296906,149.6516348515608,-0.014931001408257316,1.2621108086946435,0.8458898026851784,True
54,1787909079.2271101,152.39910661491257,152.62618749580858,0.2270808808960112,0.9434822664164244,1.1010378062437667,True
55,1787909079.3234005,155.28555742841624,156.19384727617359,0.9082898477573451,1.748066940858024,1.1494483179452573,True
56,1787909079.4234447,158.26265668632695,159.01450752443728,0.7518508381103288,1.0426286481722684,1.0172898278902665,True
57,1787909079.5234432,161.2752702518728,161.8750377642328,0.599767512359989,0.9437459080595545,0.9347090608200119,True
58,1787909079.6228034,164.53713927721466,165.08564270556127,0.5485034283466064,0.8450624349408429,0.6900220979352412,True
59,1787909079.7230682,167.8886293425979,168.2804881800026,0.3918588374046976,1.495630099884636,0.3002230379297828,True
60,1787909079.8227725,170.90949818919196,170.44469246327353,-0.4648057259184384,-0.0830073244291043,0.2516053282244286,True
61,1787909079.923303,174.03734458793903,173.57975505594965,-0.45758953198938457,-0.49707700889712214,-0.4785421683784534,True
62,1787909080.0233498,176.84551845466177,176.38752862076242,-0.45798983389934733,-0.9496813209299546,-0.31863817069975653,True
63,1787909080.1234274,179.63529158274886,179.25537922957884,-0.3799123531700275,-0.4888047653723504,-0.057202020474221627,True
64,1787909080.222819,182.28109711114757,182.22173421662845,-0.059362894519125575,-0.1756133290481614,0.23687827712228682,True
65,1787909080.323676,185.35464230704778,185.24169350759442,-0.11294879945336334,-0.17227049355412305,0.09065861335494674,True
66,1787909080.426431,188.3654194648676,188.53282775463927,0.16740828977165734,0.09917514045514508,0.06147651267122001,True
67,1787909080.5230985,191.41047862740703,192.0742320753458,0.6637534479387739,0.6665379198471157,0.0,True
68,1787909080.6230397,194.51954643983225,194.9461085886041,0.4265621487718363,0.37151384837366663,-0.13750192327083255,True
69,1787909080.723678,197.97692003255048,198.01537550965642,0.03845547710594133,0.18868264698690496,-0.5496463922170562,True
70,1787909080.8227506,201.032681454864,200.7294761611607,-0.30320529370328586,-0.7314466485759397,-0.5100572438183804,True
71,1787909080.9234903,203.9586012675176,203.83467794065152,-0.12392332686607688,-0.1914299212105277,-0.43252010536218677,True
72,1787909081.0228426,206.80051192987952,206.79568235362552,-0.004829576253996493,-0.42901707247844456,-0.2875135818153183,True
73,1787909081.1231697,209.53278578363137,209.16886500704155,-0.363920776589822,-1.062448227283852,-0.16457410675394613,True
74,1787909081.223488,212.29575215861536,212.29181541028393,-0.003936748331426543,0.03479829290753855,0.030120884523483937,True
75,1787909081.3232815,215.30561539745165,215.63699238975383,0.3313769923021823,-0.034373121353212355,-0.02219508445949714,True
76,1787909081.423645,218.50234591394147,218.7190389420404,0.21669302809894475,-0.007996405640398052,-0.3274266655899112,True
77,1787909081.523522,221.43846580178896,221.61240069317296,0.17393489138399332,-0.14771487941638384,-0.37225331888282653,True
78,1787909081.6310916,224.86062868475017,225.19952677942956,0.3388980946793936,0.0,-0.7803425056778508,True
79,1787909081.7234576,227.81830208830462,227.0628857496063,-0.7554163386983248,-1.0001961195419256,-0.741854356811956,True
80,1787909081.8228056,230.63008981180482,230.12520701409207,-0.504882797712753,-1.0310063058154526,-0.5161560509408787,True
81,1787909081.9233892,233.57444763690265,233.0179274290893,-0.5565202078133495,-0.5229017093820403,0.12245389982945198,True
82,1787909082.0231948,236.5472859871057,236.29386017354759,-0.253425813558124,-0.5172486499143645,0.20736410257055127,True
83,1787909082.1232495,239.66184665181825,240.2890119423569,0.6271652905386418,0.929964394824708,0.13779721758533015,True
84,1787909082.2228994,242.45574479884044,242.42160331216343,-0.03414148667701511,0.6054464077109287,0.3810496878889751,True
85,1787909082.3233857,245.68677773167354,245.141130088989,-0.5456476426845427,-0.23567461611057183,0.1292773220099832,True
86,1787909082.4233642,248.5528430001487,248.9757214570363,0.4228784568875881,0.714807610027492,0.39030449836465664,True
87,1787909082.5234063,251.61540762252514,252.1403712135742,0.5249635910490724,0.893229499523386,0.4107907306049299,True
88,1787909082.622948,254.64590039388779,254.77563108553204,0.1297306916442551,0.4335051234076275,0.4475242481249211,True
89,1787909082.7237241,257.6855882604986,257.6855882604986,0.0,0.7436685609694109,0.49398612999570446,True
90,1787909082.8231761,260.5035000234831,261.06045261399703,0.5569525905139017,1.0429512843559792,0.6899854966567034,True
91,1787909082.9248292,263.71364615786223,262.83312648508354,-0.8805196727786893,-0.4352455510013442,0.4954518229639291,True
92,1787909083.0238357,266.667471997982,266.8457712407825,0.1782992428005059,0.45241994331792057,0.46314856679137506,True
93,1787909083.1239986,269.7537853960379,269.7987917427354,0.04500634669744841,0.556286737153016,0.26174781818482984,True
94,1787909083.2236366,272.5756083766517,272.7223640214433,0.14675564479159675,0.486568962830745,0.44208464746131426,True
95,1787909083.3229978,275.62972565570306,275.9671310615889,0.3374054058858178,1.0764984538806175,0.38866828092861283,True
96,1787909083.424397,278.6999094835964,278.3558372788054,-0.3440722047910185,-0.04449798390152182,0.24756313291717902,True
97,1787909083.5235004,281.58615052844533,281.4125179798099,-0.17363254863545308,0.16282145625422118,0.3636250658577467,True
98,1787909083.623041,284.59183396369303,284.6289939533001,0.037159989607062016,0.06448157567660928,0.367724753403337,True
99,1787909083.7238324,287.8230238106102,288.02675875909415,0.20373494848394103,0.1556158798327374,0.0923544225563262,True
100,1787909083.8232026,290.53643766375876,290.7713587678344,0.2349211040756245,0.49158095185197226,0.33518262362068185,True
101,1787909083.9237244,293.6399974956933,293.41136340328404,-0.22863409240926558,-0.7615023076955936,-0.5785165463601913,True
102,1787909084.02311,296.69753297494424,296.98828652121443,0.2907535462701958,-0.07228410469730306,-0.7564159334932867,True
103,1787909084.1238701,299.74646679030445,299.81582153663385,0.06935474632939531,-0.5271095676965842,-0.8467367555925591,True
104,1787909084.2236798,302.4530390458388,302.8999723343566,0.4469332885178119,-0.1229565314160368,-0.5915508546271724,True
105,1787909084.3235586,305.5704662958835,305.3294375959805,-0.2410286999029836,-1.001366567508569,-0.7103435783307361,True
106,1787909084.4231753,308.5051263293735,308.4281852083119,-0.07694112106162265,-1.0887857793313174,-0.5996945437981083,True
107,1787909084.5230525,311.4399217429813,311.15748723485564,-0.28243450812567517,-1.0530835844895705,-0.5473886523489284,True
108,1787909084.6233547,314.55083232956724,314.26497356168164,-0.2858587678855997,-1.008075495786045,-0.6620019792034384,True
109,1787909084.724074,317.6903672812565,317.7403133444185,0.04994606316199679,-0.6724429240027234,-0.8015055288159658,True
110,1787909084.8232338,320.84544680766567,320.96990523364485,0.124458425979185,-0.6908286410578626,-0.9438004953487109,True
111,1787909084.9235866,323.8836268845494,323.4477803873275,-0.4358464972219167,-0.9612099393986568,-0.9815688361515242,True
112,1787909085.0235095,326.76609925165263,326.9499566383459,0.18385738669326201,-0.45051687763213977,-0.8774529199930328,True
113,1787909085.1242516,329.603871249315,329.70576121955594,0.10188997024096125,-0.5740803153278193,-0.6500535571290982,True
114,1787909085.2234035,332.7189948284048,332.9741815563245,0.25518672791969266,-0.2908590124521311,-0.7685677923149399,True
115,1787909085.3270905,335.61540273261784,335.7077927961514,0.09239006353357126,-0.4955165456247528,-0.5907106936805633,True
116,1787909085.4354608,338.75898148948284,338.5245401496181,-0.2344413398647589,-0.8218204437877716,-0.7004382848874968,True
117,1787909085.5229359,341.35541862164575,341.53826987011144,0.18285124846568124,-0.31089713706819566,-0.257894633065888,True
118,1787909085.6232193,344.5728032260728,344.66574132036624,0.09293809429345856,-0.7318920503258823,-0.4654502006805785,True
119,1787909085.7234993,347.54507040191334,347.415670600037,-0.12939980187633182,-0.7664238048048446,-0.433428052792209,True
120,1787909085.82299,350.93750414428257,350.5778837076702,-0.3596204366123743,-0.9573991209488781,-0.8692704641058242,True
121,1787909085.9233308,353.87462089951003,353.71491687683067,-0.1597040226793638,-0.10570953208912215,-0.27379611672316173,True
122,1787909086.0229366,356.7950947230735,356.7161962181444,-0.0788985049291,-0.14741139183797713,-0.21704559274658664,True
123,1787909086.1231115,359.6004407442123,359.5324386709386,-0.06800207327370345,-0.09491601683788531,0.05410839645932697,True
124,1787909086.2228494,362.67851302881,363.4396232371095,0.7611102082994989,1.0004855490978457,0.011110282781913838,True
125,1787909086.3230994,365.3806677568567,365.81794044196647,0.4372726851097468,0.4937730737631796,0.3491838179429294,True
126,1787909086.4231238,368.5119459483375,368.6333570372651,0.12141108892762986,0.2192259968596204,0.22930151173508762,True
127,1787909086.5262544,371.3155786392537,371.44556345195645,0.12998481270273032,0.0856108207308921,0.35443024051940597,True
128,1787909086.6229215,374.66100043123936,374.6166995177002,-0.044300913539132125,-0.09261663460438285,-0.022211560317458634,True
129,1787909086.723822,377.69967056334093,377.3201086870361,-0.37956187630481963,-0.6454860441107826,-0.04027248617515511,True
130,1787909086.8230138,381.01582496492966,380.7390217742599,-0.2768031906697388,-0.30841191228148546,-0.3612654302492899,True
131,1787909086.923265,383.8937430167984,384.1538953935342,0.26015237673578895,0.3798103901917216,-0.25295832341296887,True
132,1787909087.0229833,386.65007074657666,386.8308338270555,0.1807630804788687,0.38803332723892936,-0.02368206992335331,True
133,1787909087.123366,389.7887726327307,389.2576694627967,-0.5311031699339992,-0.7375052535941222,-0.24841796312117026,True
134,1787909087.2262218,392.72087472535713,392.3897890300428,-0.33108569531435705,-0.48266187339316957,-0.2162442789803265,True
135,1787909087.3230784,395.42751013190417,395.7965017027912,0.36899157088703305,0.09583045533918266,0.13391220419808292,True
136,1787909087.4235017,398.6478681597769,398.7089412737295,0.0610731139526024,-0.11360651104558883,-0.09612449682086321,True
137,1787909087.5230474,401.76673872440347,402.24966436712157,0.4829256427181008,0.500520922968974,-0.2145391035416253,True
138,1787909087.6233258,404.64674452955876,405.0192945515892,0.3725500220304525,0.42291241380752354,-0.057622584083190986,True
139,1787909087.7235107,407.9196376300658,407.72165109665207,-0.19798653341371164,-0.6371478718314734,-0.32187485962927553,True
140,1787909087.823105,410.6291425224135,410.48121876767624,-0.14792375473723496,-0.3994197508146158,-0.08035170980130601,True
141,1787909087.923219,413.6799222455741,413.48029743238396,-0.19962481319015524,-0.11225103283715043,0.44093895308535025,True
142,1787909088.022978,416.56355469175975,416.3129416446598,-0.2506130470999324,-0.19419674365434503,0.6950035256125773,True
143,1787909088.1238048,419.8663445273394,420.11233507156027,0.24599054422088784,1.2361355332107564,0.4738832998944815,True
144,1787909088.223236,422.70358958043863,422.6511572140925,-0.05243236634612458,0.7908357487602302,0.6839041466302831,True
145,1787909088.3236248,425.5781995950007,425.83189222358476,0.2536926285840764,0.8700350596257067,0.8543675062494742,True
146,1787909088.423732,428.65981585900755,429.12419754442743,0.46438168541988034,1.1148144671856812,0.8268094107905029,True
147,1787909088.5229776,431.7552211614643,432.15206814536873,0.39684698390442463,1.1115062740345252,0.7567840992992672,True
148,1787909088.6229045,434.6324177019789,434.3825819164167,-0.24983578556219754,0.2648167915031081,0.8831083324327835,True
149,1787909088.7230725,437.7588554908598,437.7276403603698,-0.031215130490011234,1.3506268260780416,0.7739630924527603,True
150,1787909088.8228834,440.69050848123777,441.02839055749627,0.3378820762584951,1.436512995567341,0.868202975872606,True
151,1787909088.9232745,443.60315354007423,443.9854918859047,0.3823383458304761,1.090602355471674,0.902780528245529,True
152,1787909089.0232067,446.5883359176855,446.29140928069967,-0.29692663698585875,0.5249308397886807,0.9193754487925787,True
153,1787909089.1232474,449.7204260225554,449.6910927668594,-0.029333255695974003,0.8380371255191221,0.6896894118634407,True
154,1787909089.2240088,452.7660502976464,452.62456095197894,-0.1414893456674804,0.36672244840616486,0.6558838873069419,True
155,1787909089.3239305,455.79198191337883,455.73298788056917,-0.05899403280966453,-0.023569178954517156,0.5491176071985535,True
156,1787909089.4228337,458.71564614018405,458.7366551345925,0.0210089944084757,0.47933334695983376,0.5285069714718986,True
157,1787909089.5234165,461.67607118309365,461.3866696820781,-0.2894015010155613,0.1738033438143134,0.5331123519470395,True
158,1787909089.6229377,464.7486922829551,464.86880002475647,0.12010774180134831,1.1210729203812093,0.47867009634782676,True
159,1787909089.7234774,467.75112241442946,467.94234678458764,0.1912243701581815,0.9524157820302435,0.44881806193652096,True
160,1787909089.8249815,470.8916271550205,470.76341385695963,-0.12821329806087078,-0.19698858438812294,-0.2966476470884629,True
161,1787909089.9243612,473.7668112935776,474.1729520531324,0.4061407595548303,0.37484586287735056,-0.18218875284284763,True
162,1787909090.0233574,476.74266936629056,476.3652861553768,-0.3773832109137629,-0.40676057471119975,-0.0703843556571826,True
163,1787909090.123612,479.7470018242216,479.46114308222934,-0.28585874199228556,-0.21450281417344286,-0.0837241224985803,True
164,1787909090.2236116,482.5757521959741,482.32680787266816,-0.24894432330592053,-0.4554971762445348,0.0722598925754312,True
165,1787909090.323237,485.7818265907944,485.77678635478344,-0.005040236010984245,-0.17695274124332627,-0.1750407952957005,True
166,1787909090.4328737,488.3844311215202,488.9954703857894,0.6110392642692091,0.4212311685392933,0.16844684399242738,True
167,1787909090.525274,491.36999492939196,492.2200292014549,0.8500342720629419,0.8454710356245982,0.15268909458430358,True
168,1787909090.6233454,494.3446303140907,494.6541492505589,0.3095189364681801,0.3744238120709724,0.14353471061983214,True
169,1787909090.7237751,497.5513930508541,497.2353869655248,-0.31600608532926344,-0.452950114411351,-0.022483633978509943,True
170,1787909090.8230217,500.8750604424817,500.58003567824557,-0.2950247642361319,-0.30500178753970886,-0.2833236318208776,True
171,1787909090.9237137,503.78090690019224,504.00905567158026,0.22814877138802103,0.3719893527651834,-0.1685418864172732,True
172,1787909091.0287125,507.0101488931568,506.144997783753,-0.8651511094037687,-1.2516651735738833,-0.3822381351864408,True
173,1787909091.1243124,509.7435265949407,509.4167599807317,-0.32676661420902064,-0.47771092906378954,-0.1023761118394475,True
174,1787909091.2231472,512.4664471523644,512.7582061849371,0.29175903257277014,0.11406004014764903,0.15831506137058682,True
175,1787909091.3234732,515.307053367425,515.8886579655152,0.5816045980901094,0.43200439141736524,0.23525835639000547,True
176,1787909091.423328,518.2167185131518,519.0144289382781,0.7977104251262404,0.9896755482814683,0.3082905679277985,True
177,1787909091.5236156,521.2851769452283,522.2371754207206,0.9519984754924167,0.7814684753369079,0.2311831438882166,True
178,1787909091.6231172,524.5396961877547,524.9920587860947,0.45236259834013026,0.4424652831079925,0.011265003961540287,True
179,1787909091.724191,527.9285515199151,527.6633273438649,-0.2652241760502534,-0.582839036699113,-0.3312687618037842,True
180,1787909091.8234036,530.9548816534015,530.4261685597132,-0.5287130936882818,-0.9705678953175152,-0.36809049668940474,True
181,1787909091.9242027,534.0035090776986,533.5432335839487,-0.46027549374986165,-0.09776804677659356,-0.044109661220403495,True
182,1787909092.0240006,536.8997690116676,537.2550358951448,0.35526688347721347,0.5647992125946644,0.01596864044407198,True
183,1787909092.1238437,539.5885451791584,539.2753280692175,-0.313217109940922,-0.23262874329128636,0.23090858654543922,True
184,1787909092.2237422,542.2854487818468,542.5025721893958,0.21712340754908155,0.3672415796160635,0.45572633838199295,True
185,1787909092.3235211,545.4905354990062,546.184269903009,0.6937344040027824,0.703491028399128,0.20211169638017168,True
186,1787909092.4236453,548.2579977487912,548.6354324457748,0.37743469698358467,0.5298925882026992,0.36626719578933375,True
187,1787909092.5236678,551.4043378217432,551.7697040629107,0.3653662411675782,0.2472088927542586,0.23317165679364393,True
188,1787909092.6229925,554.5275147018709,554.8744305488606,0.34691584698970246,0.3321503614195649,0.1400975792261363,True
189,1787909092.724123,557.9873023286414,557.7229423251367,-0.2643600035045779,-0.3507890154479014,-0.28607664222246854,True
190,1787909092.8231616,561.0572141997181,560.5920278694191,-0.4651863302989909,-1.0186214334912052,-0.383093216205765,True
191,1787909092.924824,563.9192148393862,563.5201441682163,-0.39907067116979533,-0.734424378240476,-0.25749018986286387,True
192,1787909093.0249133,566.7660712634114,567.1950689690254,0.4289977056141083,0.36019605955999623,-0.17205840618188972,True
193,1787909093.1239116,569.4739007448477,569.7275520920666,0.25365134721886307,0.2800212899466601,0.09615218147999371,True
194,1787909093.2313933,572.5522059910268,572.4852325525237,-0.0669734385029983,0.08133548157087489,-0.03168104249036219,True
195,1787909093.3228695,575.3648936879098,575.5288431044446,0.1639494165348765,0.26042561225614236,0.11059505287622073,True
196,1787909093.4231842,578.4553200634472,579.0457240000719,0.5904039366247957,0.9083811843931358,0.06510865449516245,True
197,1787909093.523932,581.5225162464857,581.4001598652774,-0.12235638120824888,0.030593034333207925,0.10060170592831241,True
198,1787909093.6231806,584.9689546906905,584.4729599699733,-0.4959947207171922,-0.33895238469921196,-0.259869237421384,True
199,1787909093.7240226,587.8782665285261,587.0551322791002,-0.8231342494258911,-0.8253376593674489,-0.12675209898131357,True
200,1787909093.8242538,590.6037657841647,590.7867946451956,0.18302886103089122,0.25624342965585356,0.11171829063894734,True
201,1787909093.925145,593.6214078482016,593.396852005242,-0.2245558429596599,-0.10459896228206844,0.0682499887981578,True
202,1787909094.024319,596.6499735199814,596.8606244571474,0.21065093716600813,0.23089473493672585,0.06214441305920104,True
203,1787909094.1240656,599.6478645346325,600.1835628976212,0.5356983629887395,0.3230644915581138,0.07393737819793955,True
204,1787909094.2231174,602.5719818687621,602.7150172647166,0.1430353959545414,0.16510767911648827,0.12698243024945555,True
205,1787909094.323218,605.6900494749248,606.4408566298764,0.7508071549517012,1.0376555796541993,-0.019097622790781088,True
206,1787909094.4233568,608.5758427390103,609.0931550163657,0.5173122773553018,0.2311619295629157,0.036026169503685423,True
207,1787909094.528064,611.8029900391891,611.4612382951957,-0.34175174399348407,-0.2750633950524275,-0.2210578345793408,True
208,1787909094.6229692,614.6370200869977,614.3598631150276,-0.27715697197021427,-0.5606942366088674,-0.12349867563236216,True
209,1787909094.7231848,617.6689304516077,618.0467147306763,0.377784279068635,-0.10459572919609172,-0.27968931506310923,True
210,1787909094.8229058,620.6820876735151,620.2009896992313,-0.4810979742837276,-1.0306763900678675,-0.4024281681444961,True
211,1787909094.9239702,623.675352978083,623.8671248553758,0.19177187729286516,-0.10412808663880924,-0.47926744869218396,True
212,1787909095.0234387,626.7610272199906,626.016852982556,-0.74417423743472,-1.2938354623966575,-0.6490237359584796,True
213,1787909095.1248944,629.7344028783152,629.779609491814,0.04520661349880584,-0.43725107814651665,-0.6478729128387783,True
214,1787909095.2236686,632.6779909625284,632.6713550414743,-0.006635921054055416,-0.37909841767810804,-0.5966434965050382,True
215,1787909095.3237457,635.6752006247864,635.566336003706,-0.10886462108038586,-0.6925598943402633,-0.6041598687044996,True
216,1787909095.4232194,638.7744041323735,638.7673489904948,-0.00705514187876588,-0.5646106916971689,-0.6197758525247252,True
217,1787909095.5241365,641.7707053839428,641.7567834739739,-0.013921909968814816,-0.5418390287526904,-0.6004363669549946,True
218,1787909095.6237788,644.7248278919373,644.6989013940636,-0.025926497873626886,-0.760190865184029,-0.5730969599602247,True
219,1787909095.7238789,647.8691873467642,647.8988298204029,0.029642473638716638,-0.6320198265094064,-0.7275254716521147,True
220,1787909095.8235414,650.6574201255039,650.9590100578546,0.30158993235062326,0.7249876321441775,-0.0031922693244439415,True
221,1787909095.923927,653.6762031254162,654.1930165874016,0.5168134619854641,0.5832782682861648,-0.10383935849264958,True
222,1787909096.02349,656.894987303005,656.9672937344103,0.07230643140525217,-0.14183388337306724,-0.36418790524393785,True
223,1787909096.1240063,659.7599046906926,659.4949994469227,-0.26490524376987423,-0.8443080689914382,-0.2712204525364257,True
224,1787909096.2233732,662.6028367239035,662.4781694739916,-0.12466724991196543,-0.36956114906155335,-0.08090607643495673,True
225,1787909096.3234885,665.7073715896063,665.419341618966,-0.2880299706403662,-0.5815017315255204,-0.1845006602129331,True
226,1787909096.4235256,668.6111105092556,668.1702240237944,-0.44088648546124887,-0.6088400744677642,-0.10309929786112093,True
227,1787909096.5250092,671.3218582887775,671.5696063251689,0.24774803639144238,0.11834068182514557,0.13810005682242377,True
228,1787909096.6237745,674.5676578520089,674.9219752093829,0.3543173573741001,0.04610180200728564,-0.09521152153010348,True
229,1787909096.7240179,677.7384900744473,677.5775589704438,-0.1609311040036232,-0.5281087769839701,-0.28897865499195063,True
230,1787909096.8267999,680.9646753063575,680.5214044774987,-0.44327082885882874,-0.4867484126983186,-0.5185549944073671,True
231,1787909096.9238658,683.8963709879578,684.3140020336662,0.4176310457083332,0.30105813460744457,-0.3748189754970497,True
232,1787909097.0237124,686.8689857966006,687.2518292991358,0.38284350253530874,0.4558446551359907,-0.3155981903990721,True
233,1787909097.1274548,689.801975175675,689.8569718739382,0.054996698263209964,0.08109427837706562,-0.19961955606888182,True
234,1787909097.2231553,692.7832727729464,692.5735596392285,-0.20971313371779843,-0.4242743999963636,-0.12239904124803047,True
235,1787909097.323541,695.5677867305732,695.855604025043,0.2878172944699031,0.10028670822254071,0.1605390758363967,True
236,1787909097.4231484,698.3076638781274,698.5969745258565,0.2893106477289962,-0.015403220585142208,0.4420387978607607,True
237,1787909097.5235868,701.3294479525329,701.9255980964851,0.5961501439523431,0.5772464303778975,0.43527435649619406,True
238,1787909097.6231956,704.5226382747608,704.2407326278183,-0.28190564694244813,-0.44184930359534746,0.2536545128298542,True
239,1787909097.7241635,707.57109217754,707.7585479698464,0.1874557923064799,0.04568351186884456,0.20650443169293453,True
240,1787909097.8235147,710.9616341906817,710.8567705197602,-0.10486367092147475,-0.0030426510144820895,0.031304125159778096,True
241,1787909097.9250216,713.9767003837017,713.7212099216426,-0.2554904620589582,-0.2706444761984699,-0.07751220275267201,True
242,1787909098.0233734,716.7747164689923,717.4890030889694,0.7142866199771447,0.6932450859199548,0.07826435597146997,True
243,1787909098.1269712,719.7477009972049,720.4473740619719,0.6996730647669551,1.2056552725497909,0.1406694293398516,True
244,1787909098.2234628,722.6344943378624,722.6471851149006,0.012690777038244505,0.4220027201218386,0.2160978527081454,True
245,1787909098.3235617,725.3430725283347,725.426162889207,0.0830903608722906,0.35496564004864695,0.497652750950607,True
246,1787909098.4231074,728.4833208925256,728.6075131945679,0.12419230204233145,0.5389583618743359,0.3704555485501544,True
247,1787909098.5238438,731.3654530742863,731.3944218997872,0.0289688255009537,0.029745695389863158,0.5372557544037875,True
248,1787909098.6231797,734.618599185099,734.2510376903012,-0.36756149479782607,-0.585183560007124,0.3573060882997936,True
249,1787909098.724885,737.6901378466131,737.3503389595544,-0.3397988870587483,-0.01090582830505582,0.3003695736563543,True
250,1787909098.8231146,741.0126320667006,740.7464492392428,-0.26618282745772603,0.10141875500818287,-0.006734948438719357,True
251,1787909098.929416,744.0987648183345,743.5754494744654,-0.5233153438692284,0.14136631312197778,-0.07009030617436451,True
252,1787909099.0235217,746.629811222284,746.6609701826276,0.031158960343475428,0.6371581525397119,0.3360272195493792,True
253,1787909099.1239047,749.7354904078016,749.9795769407167,0.24408653291510518,0.2552292132826892,0.23956669131374042,True
254,1787909099.2235048,752.5785980373153,752.8788000957115,0.3002020583962235,1.262277254659864,0.4984436658814104,True
255,1787909099.3236089,755.4388993774633,755.9439935044588,0.5050941269956297,1.0393415167309854,0.7091623137165755,True
256,1787909099.423709,758.7573785840873,759.2109344223434,0.4535558382560225,0.8564838937489299,0.4573105673632938,True
257,1787909099.5245075,761.8154581265053,761.3761031655715,-0.43935496093371285,0.11009280304432423,0.45343005903478684,True
258,1787909099.6236238,764.6928236991475,764.663036591526,-0.02978710762153014,0.29337405414656814,0.568890108551301,True
259,1787909099.7247343,767.9904842700129,767.2533551805614,-0.7371290894514573,-0.23458415334181382,0.22587096000680162,True
260,1787909099.8237338,770.7400863420501,770.6118786220411,-0.12820772000890202,-0.37519003177970944,-0.16310354289655038,True
261,1787909099.9239693,773.6629061640725,773.3984578719469,-0.2644482921255644,-0.5646278608629132,-0.11178757966294484,True
262,1787909100.023327,776.5810027640224,776.9060921465673,0.32508938254483155,0.23690947528854167,-0.04681108835220016,True
263,1787909100.1248631,779.9353217536302,779.8995398691065,-0.03578188452360109,-0.0856397416707182,-0.47359041906381094,True
264,1787909100.223688,782.6756504986461,782.7393280731001,0.06367757445394773,-0.08048998537293528,-0.22142428304991313,True
265,1787909100.324037,785.7768055417247,785.7800568897624,0.0032513480376223924,-0.08173078178612059,-0.32068508402798557,True
266,1787909100.423479,788.6929351409373,788.4630856111628,-0.22984952977441253,-0.4355469224488502,-0.1965603542167571,True
267,1787909100.5241172,791.7420880609676,791.625365257009,-0.1167228039585666,-0.2342134272105909,-0.15804055191628663,True
268,1787909100.6238918,794.6888102171758,794.8355583918121,0.14674817463622958,0.0715626574933026,-0.10710647674213192,True
269,1787909100.725665,797.8646842136317,797.8673497024067,0.0026654887749941736,-0.021685418139043122,-0.2869223360908961,True
270,1787909100.8232696,800.6155193827082,800.3895966974549,-0.22592268525335157,-0.3593237655521193,-0.09928590008539118,True
271,1787909100.9244595,803.682892484212,803.711274510614,0.02838202640197096,-0.0031037482095257474,-0.14253945410641222,True
272,1787909101.0232012,806.6996796544187,806.4578629973571,-0.24181665706163358,-0.4522598050860438,-0.1570280576341645,True
273,1787909101.12386,809.6280053442805,809.8634483679944,0.23544302371391268,0.3408177050249037,-0.0029069746493348703,True
274,1787909101.2235372,812.6552279466937,812.9362460162251,0.28101806953151254,-0.022662244865557568,-0.006969673285965428,True
275,1787909101.3234935,815.7921922826309,815.9131708234338,0.12097854080280968,-0.06179519712617321,-0.0914287064892676,True
276,1787909101.423605,818.7796208554538,818.7129356093474,-0.06668524610637405,-0.350873419494917,-0.0728259325788656,True
277,1787909101.5238185,821.6459853835007,821.3152141772216,-0.3307712062790529,-0.3198299530479858,0.055769996094937824,True
278,1787909101.6235616,824.70992542987,824.7430942726173,0.033168842747215876,-0.12564215056255534,-0.07510211666587452,True
279,1787909101.723829,827.7335373734709,828.325886982253,0.5923496087821718,0.43096419818874665,-0.13435537497625205,True
280,1787909101.8232198,830.727263879299,831.6062274903184,0.8789636110192873,0.8057172103763719,-0.16444928932705238,True
281,1787909101.9247942,833.7676191181931,833.8070603992226,0.039441281029382935,-0.12680409658668168,-0.08432227851639595,True
282,1787909102.0236464,836.7389130923632,836.6727225716156,-0.06619052074762521,0.17190688352371808,-0.07604364927610163,True
283,1787909102.123421,839.6978816542303,839.1715478878789,-0.5263337663513425,-0.4677614440598177,-0.03864393091245688,True
284,1787909102.2233832,842.3637200951555,842.717720729145,0.35400063398941484,0.3838716924734058,0.2689119305506722,True
285,1787909102.3241463,845.7819554179771,845.184384567285,-0.5975708506920796,-0.9842386959398368,-0.18211221259920762,True
286,1787909102.4253795,848.4243335731038,848.7507885707766,0.3264549976728972,0.0926417099889818,0.1573641900133964,True
287,1787909102.5298278,851.5988792547632,851.5142787306986,-0.08460052406468321,-0.651964855933727,0.013919337189037151,True
288,1787909102.623401,854.2932146185083,854.8574747066498,0.5642600881414523,0.5110734020427685,0.3545771365459416,True
289,1787909102.7238295,857.5271233437326,857.7728337164281,0.24571037269555518,0.34640708741261506,0.1357122225533942,True
290,1787909102.824064,860.8483289347962,861.1703087758776,0.32197984108137234,0.9062038193121111,-0.09554070253736313,True
291,1787909102.9245474,863.8269002390108,863.4356789302126,-0.3912213087981513,0.17061218808981948,0.048634344236830884,True
292,1787909103.0237195,866.8199570060783,866.5421629402881,-0.27779406579014676,0.08009641131440048,0.16449197455793296,True
293,1787909103.1248128,869.6138673422729,869.3073321672803,-0.306535174992689,-0.1391929311824356,0.4826858615759022,True
294,1787909103.2239647,872.433229415276,872.9004056120666,0.4671761967906036,0.6975559771631765,0.718982750787319,True
295,1787909103.324212,875.2862720512256,876.1184878701433,0.8322158189176321,1.279276458411971,0.8539854252034331,True
296,1787909103.423538,878.2842082605343,879.0562024309259,0.7719941703915651,1.3107650131664172,0.8780380985851082,True
297,1787909103.5239124,881.2920962242052,881.6863879210387,0.3942916968333634,0.7693166666211368,0.8899944113669847,True
298,1787909103.6231923,884.5441293353448,884.5752402199357,0.031110884590987098,0.18515579794740233,0.5283723551436026,True
299,1787909103.7243278,887.880757546884,888.076514512464,0.19575696558007394,0.5702957776003927,0.13560237042977974,True
300,1787909103.8237824,890.9352793911996,890.6620103031391,-0.2732690880605446,-0.41515396287883277,-0.4415506150405406,True
301,1787909103.9245634,893.9923563087739,893.7598462771332,-0.2325100316407429,-0.3157550142622654,-0.5658846599737615,True
302,1787909104.0234282,896.9143581467841,896.6442638531794,-0.27009429360481363,-0.5524570863834128,-0.47681205897887935,True
303,1787909104.1238344,899.6010268944968,899.4463116088516,-0.15471528564529535,-0.48255058824321395,-0.1974467170369678,True
304,1787909104.2244556,902.2185265632406,902.6051045125093,0.3865779492687693,-0.17861032679735445,0.10431233886018276,True
305,1787909104.3242705,905.3754710483832,905.8032725221481,0.4278014737647595,0.21739960639223455,-0.09672163707531922,True
306,1787909104.4241288,908.2959917673016,908.3935306913472,0.09753892404563658,-0.20534630066634918,0.10762547579625448,True
307,1787909104.525098,911.3939892137444,911.4645343711454,0.07054515740099987,-0.14298534579057787,0.1275003320143071,True
308,1787909104.6233761,914.5166140885505,914.6978265328514,0.1812124443010248,-0.15234643560330596,-0.04456088404694469,True
309,1787909104.7236512,917.9733222820748,917.739069631655,-0.2342526504199327,0.010858392398574779,-0.5512125406343955,True
310,1787909104.8232682,921.0302361734219,920.2504343577207,-0.7798018157013189,-1.3474104934306865,-0.5615526024691633,True
311,1787909104.923938,923.9296402465343,924.4770969973229,0.5474567507886263,0.5571915509554515,-0.4530328785683366,True
312,1787909105.0233474,926.7854382927246,926.4997966735543,-0.2856416191702351,-0.5862386920077256,-0.33185501075783463,True
313,1787909105.1237707,929.5060172496661,929.5570874481327,0.05107019846656158,0.24252649629050893,-0.09528805144904595,True
314,1787909105.2233553,932.2883951441636,932.966956865363,0.6785617211995145,0.8913230339645111,0.08100400564595134,True
315,1787909105.323844,935.4544434955166,936.5664048513429,1.1119613558262813,1.0647628992011846,-0.041048542136508104,True
316,1787909105.4238174,938.4737765604801,937.9384463085923,-0.5353302518877285,-1.1334304408684943,-0.023309197133329462,True
317,1787909105.5290883,941.6471466889749,941.5936525734919,-0.053494115482919824,-1.5463254467570664,-0.15840228551289215,True
318,1787909105.6232622,944.9405193120307,945.1732285119419,0.23270919991119854,-0.6149890988684206,-0.46607471162414527,True
319,1787909105.724236,947.9179307565199,947.6601125562088,-0.25781820031119196,-0.29800269772084675,-0.43629531096698315,True
320,1787909105.8233104,950.5818772138814,950.3939991071775,-0.18787810670386307,-0.3282582178368898,-0.08403791653935855,True
321,1787909105.9239044,953.6765425616849,953.1350247831938,-0.541517778491027,-0.7612216527174382,-0.10268251286501595,True
322,1787909106.023448,956.6574181748206,957.0332069030735,0.37578872825287135,0.17333011425995437,-0.002546918555111688,True
323,1787909106.1242595,959.7576439590212,960.4145922375646,0.6569482785434388,0.4160189086288142,-0.10178549513952362,True
324,1787909106.2231593,962.5553830390343,963.5116570381895,0.9562739991551439,0.8528768381497116,0.09442055541788363,True
325,1787909106.3240912,965.7445369100964,965.8345093443147,0.08997243421839585,-0.447047778076751,-0.0025226516283680667,True
326,1787909106.423561,968.6919282063047,969.1173298972419,0.42540169093723534,0.2845507212691132,0.14731140333324788,True
327,1787909106.5238554,971.7096704027334,971.8165108107394,0.10684040800600769,-0.32842530638657763,0.061485907487195846,True
328,1787909106.6232393,974.5581367533224,975.0199106090395,0.4617738557170128,0.47564502505775863,0.07625089191995471,True
329,1787909106.72406,977.8507681146605,977.8424446384154,-0.008323476245152506,0.05333053563919066,-0.20956076520744205,True
330,1787909106.823481,980.6504071088915,980.8893972383346,0.23899012944315245,0.12947333262462735,-0.04081059702068046,True
331,1787909106.9239361,983.6687097904421,983.3017699415759,-0.3669398488662523,-0.5251009519528793,-0.05623903162242527,True
332,1787909107.0233781,986.7311402305498,986.6350560902179,-0.09608414033203871,-0.12282078917297667,-0.15809532134468895,True
333,1787909107.123839,989.7634242552614,989.9734618643895,0.21003760912805092,-0.023828687343495858,-0.14162462445446522,True
334,1787909107.2234402,992.701271067666,992.9326111352977,0.2313400676318338,0.05827569045999326,-0.038477318476083155,True
335,1787909107.324191,995.8077084510744,995.3017299541007,-0.5059784969736825,-0.9281804595707968,-0.0984699713106636,True
336,1787909107.4237487,998.7232312425967,998.7199015901379,-0.0033296524588308785,-0.2834869046957351,-0.11463630203385833,True
337,1787909107.5239346,1001.6592482629425,1001.5687450776877,-0.09050318525470402,-0.25067379497426145,-0.05850299758193955,True
338,1787909107.6233542,1004.7472217329881,1004.974572453762,0.22735072077392715,0.5741444843504837,-0.16657900392473834,True
339,1787909107.7243788,1007.8561890659073,1007.8254573401207,-0.03073172578666572,0.25571523257855233,-0.29323792488830236,True
340,1787909107.8234813,1010.7286631985477,1010.995400126083,0.266736927535419,0.724762729086649,0.2765662412937502,True
341,1787909107.9242198,1013.7568129670408,1013.8742604203246,0.11744745328388717,0.6545311107674365,0.19693197081429048,True
342,1787909108.0236151,1016.7984245955732,1016.7776753240994,-0.020749271473903264,0.26466158373904136,-0.0021529316159956124,True
343,1787909108.1264646,1019.8331397105517,1019.3581597191544,-0.4749799913973334,-0.6608441835614371,-0.04080569231447839,True
344,1787909108.2234576,1022.5179811939342,1022.3166208457981,-0.20136034813623382,-0.13390926456935404,0.2854340959918602,True
345,1787909108.3240733,1025.6609001112192,1025.2020852854118,-0.45881482580745114,-0.06545826020777668,0.21509742054925596,True
346,1787909108.4236157,1028.5352387441671,1029.0074289272063,0.47219018303911753,0.8613688894648135,0.2654904821515913,True
347,1787909108.5240047,1031.3775164136043,1031.5082807208491,0.1307643072447604,0.05598810399675358,0.440919675657625,True
348,1787909108.623278,1034.5090878051503,1034.1185469116058,-0.3905408935445962,0.09354823676682145,0.2727006906116287,True
349,1787909108.724015,1037.747745321918,1037.1578511767752,-0.5898941451428641,-0.36196283612451907,0.04951964375666762,True
350,1787909108.824331,1040.7435139088204,1040.9444677402248,0.20095383140431977,0.3611599776298249,0.09008762032297568,True
351,1787909108.9244027,1043.9143436456338,1043.9253038481243,0.010960202490366555,0.013071407594736684,-0.042838896654956216,True
352,1787909109.0235722,1046.8221980107894,1047.6339618798256,0.8117638690361559,1.5363002584716128,0.09096265074256848,True
353,1787909109.1241386,1049.5711850438643,1049.5115956749682,-0.05958936889607003,0.21346331643445637,0.4119839083978434,True
354,1787909109.2237203,1052.8018628182938,1052.698887720302,-0.10297509799175941,0.17252602664262895,0.1789255808298833,True
355,1787909109.3244214,1055.5674746767754,1055.3698761902149,-0.19759848656059376,0.0901076303924242,0.4249088894935369,True
356,1787909109.4238234,1058.3606941805267,1058.790939775195,0.4302455946682926,0.7475610507092938,0.6663202890086097,True
357,1787909109.5238318,1061.3398950040273,1061.6942579363435,0.3543629323161781,0.29406447411412273,0.826483810271867,True
358,1787909109.6240134,1064.5903510794933,1064.8683116018358,0.2779605223424255,0.4728368825329312,0.5935136237137897,True
359,1787909109.7242599,1067.559750868311,1067.8603001667022,0.300549298391104,0.4839698494473055,0.5266403036089571,True
360,1787909109.8235629,1070.914633906847,1070.7812407953145,-0.13339311153259814,-0.3009118815297711,-0.2156129507686444,True
361,1787909109.9276571,1074.0280255068058,1074.2575125054782,0.2294869986723711,0.19838549811385064,-0.418886967463294,True
362,1787909110.0235186,1076.700857107124,1077.0711157553922,0.37025864826813404,0.38836192832906136,-0.163768555872565,True
363,1787909110.1256032,1079.702908409604,1079.8969522513996,0.1940438417954624,-0.08264299249407259,-0.19450833802804368,True
364,1787909110.2235746,1082.57971332424,1083.1215894461598,0.5418761219197563,0.5622064773108946,-0.11760709080064657,True
365,1787909110.3239033,1085.4350521862245,1085.7225252823234,0.28747309609883587,0.1442394803285083,0.025559543413493202,True
366,1787909110.4238484,1088.4935013850338,1088.6096113466187,0.11610996158486842,-0.10885984962482098,-0.04757043864921684,True
367,1787909110.526301,1091.2087117853282,1090.842280586647,-0.36643119868136864,-0.6745292080124159,0.22313870354813048,True
368,1787909110.6236744,1094.6942260107778,1093.7494945710685,-0.9447314397094146,-1.3102791026694263,-0.19781316051532372,True
369,1787909110.7245271,1097.7228872777036,1097.8018628301159,0.07897555241214604,0.01124877754824638,-0.22184015080071617,True
370,1787909110.82354,1101.0092401556112,1099.9130152474122,-1.0962249081990763,-1.2619840268395706,-0.5278959206909519,True
371,1787909110.925032,1103.969713926301,1104.0673922722974,0.09767834599637126,-0.038273393444285375,-0.47967347996470266,True
372,1787909111.0233867,1106.661754913556,1106.9312787416284,0.2695238280722947,0.05486395164376745,-0.14785895108522595,True
373,1787909111.1249528,1109.6999356824601,1110.6468575978593,0.9469219153990593,0.8806075801131215,-0.1690084972471766,True
374,1787909111.224916,1112.5694691350957,1113.2520846419789,0.6826155068831099,0.6650893364815715,0.0015443065290412505,True
375,1787909111.3239906,1115.4350714255195,1115.752905089083,0.3178336635634764,0.4498908566902742,0.23772959958026263,True
376,1787909111.4241524,1118.606717507135,1118.5591556659158,-0.047561841219305734,0.010036257292824757,0.1230262960785069,True
377,1787909111.5257423,1121.7800794723014,1121.869606204482,0.08952673218044538,0.19490754203235383,-0.01536290538658136,True
378,1787909111.6235511,1124.7082740207738,1124.2010707661198,-0.5072032546541436,-0.9780677159155289,0.019742201021955452,True
379,1787909111.7240255,1127.8781848661513,1127.7886317836346,-0.08955308251671568,-0.5421817428206737,-0.2333811002410755,True
380,1787909111.8234706,1130.7075873454353,1130.9723078385427,0.2647204931074043,0.42710089142775587,0.138808322397864,True
381,1787909111.9240851,1133.6442640105183,1133.443411678284,-0.20085233223431942,-0.16831110936317373,0.09555181160570214,True
382,1787909112.0238545,1136.535653356637,1136.7450397795574,0.20938642292020404,0.23394278436518334,0.1935045115301648,True
383,1787909112.1249466,1139.7711674925529,1140.2104352722508,0.4392677796979001,0.5648261308013502,-0.1122032335301526,True
384,1787909112.224104,1142.653891998323,1142.6346438500148,-0.019248148308236068,0.22664928170280518,0.025448257798672103,True
385,1787909112.3255308,1145.467297329574,1145.5897344477971,0.12243711822310388,0.27137026682390797,0.22965818660193804,True
386,1787909112.4237406,1148.5979194079341,1148.761538785896,0.16361937796176562,-0.10431962264163985,0.06258456490039066,True
387,1787909112.5237355,1151.692803614951,1151.8042920795506,0.11148846459963124,-0.10897612779416477,-0.13412097300690107,True
388,1787909112.6238213,1154.6258067091585,1154.7410233970934,0.11521668793483286,0.21152372562443134,-0.08676410483710129,True
389,1787909112.7237024,1157.7518870903236,1157.6189432334152,-0.1329438569085255,-0.3431510753682119,-0.3069174846143312,True
390,1787909112.8237696,1160.5668417626218,1160.4389381370256,-0.1279036255962751,-0.3471796917178267,-0.17500452156443203,True
391,1787909112.9243088,1163.5919342846141,1163.5058136780185,-0.08612060659567078,-0.27670660824145443,-0.17159254853888228,True
392,1787909113.024966,1166.741971408499,1166.3503358889307,-0.3916355195684105,-0.6482456631260334,-0.3474941353719885,True
393,1787909113.1263564,1169.7231987527384,1169.97188583069,0.24868707795161527,0.029433846820950293,-0.3354466364710049,True
394,1787909113.2249177,1172.7573895698727,1172.4502507497225,-0.30713882015021454,-0.476375032304702,-0.2960173506446324,True
395,1787909113.3254228,1175.676084938823,1175.5766628079073,-0.09942213091568419,-0.3833879621185474,-0.14339385813943295,True
396,1787909113.424505,1178.5543232366113,1178.5668445248161,0.012521288204823122,-0.17532182747225988,0.04828912619953485,True
397,1787909113.5247483,1181.5586107969773,1181.8828065479358,0.32419575095849495,0.46147633694300794,0.0560639201958395,True
398,1787909113.6240134,1184.6455028016558,1184.8703868197244,0.22488401806862157,0.07614814362733568,-0.034392084942481915,True
399,1787909113.7253656,1187.8198665681673,1188.0324533168077,0.2125867486403763,0.11011807217670366,-0.21481044892786372,True
400,1787909113.8239381,1190.5954645142988,1191.4647092210382,0.86924470673938,0.5411436674513084,-0.17401461694700515,True
401,1787909113.9302473,1193.8716182610322,1193.5911585524918,-0.28045970854037705,-0.6833578506866047,-0.4576180789626676,True
402,1787909114.0239196,1196.6858991333793,1196.6809970580334,-0.004902075345910362,-0.32459460176431776,-0.2776322613178479,True
403,1787909114.1242805,1199.635307694436,1199.703635207826,0.06832751338987464,-0.37024014629304247,-0.25876422742769023,True
404,1787909114.2237406,1202.488930992311,1202.4625259269078,-0.026405065403253047,-0.4253730829333904,-0.13237830035606635,True
405,1787909114.3244069,1205.6488739565132,1205.517285322849,-0.1315886336643075,-0.5685954696904787,-0.34220200611250107,True
406,1787909114.4238105,1208.4934012559308,1208.3869352156446,-0.1064660402863069,-0.6748989695867635,-0.2330083994642962,True
407,1787909114.5304878,1211.6035154371932,1211.8475908053065,0.24407536811321506,0.07469820821785333,-0.3593003566829509,True
408,1787909114.6240766,1214.4294499185144,1214.834999726613,0.4055498080985558,-0.027631088872510645,-0.22242369735496936,True
409,1787909114.7254744,1217.5704979646346,1218.0860696056561,0.515571641021495,0.1745066124643131,-0.35168537412525325,True
410,1787909114.8238273,1220.8495914136438,1220.4480176707464,-0.40157374289748304,-0.6916171157446911,-0.5774047949748535,True
411,1787909114.9281886,1223.986638087708,1223.618112039609,-0.3685260480988859,-0.5849068067515759,-0.6928879251620117,False
412,1787909115.0242186,1226.9235768055757,1226.5125820333997,-0.41099477217613867,-0.7260716100542481,-0.6002541378256581,False
413,1787909115.1245718,1229.6452602184218,1229.3679377932542,-0.277322425167597,-0.5996009829722766,-0.28435608412152646,False
414,1787909115.223896,1232.4243794215888,1232.7807128649788,0.35633344338992856,0.1946246946970973,-0.017884859392523822,False
415,1787909115.3311772,1235.4274626746976,1235.9538424590041,0.5263797843064708,0.3385642312671848,0.03263127674043176,False
416,1787909115.4267354,1238.3756078339704,1238.988439441985,0.6128316080145737,0.2621297788601282,0.146094468055054,False
417,1787909115.5248797,1241.3121677511285,1241.7832252410387,0.4710574899101516,0.14024858006047225,0.2791518628303322,False
418,1787909115.6248152,1244.5853649735404,1245.2262355381524,0.6408705646119301,0.5955403033261177,0.08358091369748877,False
419,1787909115.724982,1247.9556610939323,1247.7075521512936,-0.2481089426387939,-0.3791234258118834,-0.2010799720694365,False
420,1787909115.8235495,1250.9883242690494,1250.7807898781434,-0.20753439090600523,-0.29587320496801794,-0.10502299316632957,False
